IMIĘ_PIERWSZE,PŁEĆ,LICZBA_WYSTĄPIEŃ
ANNA,KOBIETA,1057416
MARIA,KOBIETA,612172
KATARZYNA,KOBIETA,608044
MAŁGORZATA,KOBIETA,583972
AGNIESZKA,KOBIETA,551161
BARBARA,KOBIETA,497422
EWA,KOBIETA,484686
KRYSTYNA,KOBIETA,435588
MAGDALENA,KOBIETA,434454
ELŻBIETA,KOBIETA,430898
JOANNA,KOBIETA,406839
ALEKSANDRA,KOBIETA,386091
ZOFIA,KOBIETA,382910
MONIKA,KOBIETA,379443
TERESA,KOBIETA,352407
DANUTA,KOBIETA,313019
NATALIA,KOBIETA,298975
JULIA,KOBIETA,290877
KAROLINA,KOBIETA,290055
MARTA,KOBIETA,287368
BEATA,KOBIETA,282256
DOROTA,KOBIETA,270924
HALINA,KOBIETA,255200
JADWIGA,KOBIETA,254457
JANINA,KOBIETA,250481
ALICJA,KOBIETA,246237
JOLANTA,KOBIETA,241836
GRAŻYNA,KOBIETA,235549
IWONA,KOBIETA,234817
IRENA,KOBIETA,231516
PAULINA,KOBIETA,223330
JUSTYNA,KOBIETA,217092
ZUZANNA,KOBIETA,207864
BOŻENA,KOBIETA,204476
WIKTORIA,KOBIETA,197831
URSZULA,KOBIETA,190423
RENATA,KOBIETA,190211
HANNA,KOBIETA,186410
SYLWIA,KOBIETA,183179
AGATA,KOBIETA,182386
HELENA,KOBIETA,178974
PATRYCJA,KOBIETA,168742
MAJA,KOBIETA,163774
IZABELA,KOBIETA,159210
EMILIA,KOBIETA,153879
ANETA,KOBIETA,152121
WERONIKA,KOBIETA,149848
EWELINA,KOBIETA,148245
OLIWIA,KOBIETA,146665
MARTYNA,KOBIETA,139892
KLAUDIA,KOBIETA,138020
MARIANNA,KOBIETA,134167
MARZENA,KOBIETA,130291
GABRIELA,KOBIETA,129366
STANISŁAWA,KOBIETA,128334
DOMINIKA,KOBIETA,121041
KINGA,KOBIETA,119227
LENA,KOBIETA,117445
EDYTA,KOBIETA,114749
AMELIA,KOBIETA,113868
WIESŁAWA,KOBIETA,111152
KAMILA,KOBIETA,109076
WANDA,KOBIETA,102141
ALINA,KOBIETA,86134
LIDIA,KOBIETA,83744
LUCYNA,KOBIETA,83497
MARIOLA,KOBIETA,83040
NIKOLA,KOBIETA,74278
MIROSŁAWA,KOBIETA,73098
WIOLETTA,KOBIETA,72922
MILENA,KOBIETA,71461
DARIA,KOBIETA,71187
ANGELIKA,KOBIETA,64867
KAZIMIERA,KOBIETA,63563
GENOWEFA,KOBIETA,59521
BOGUMIŁA,KOBIETA,57475
ANTONINA,KOBIETA,57420
LAURA,KOBIETA,57036
OLGA,KOBIETA,54521
SANDRA,KOBIETA,53659
HENRYKA,KOBIETA,51956
ILONA,KOBIETA,51701
JÓZEFA,KOBIETA,51696
STEFANIA,KOBIETA,50627
MICHALINA,KOBIETA,49527
SABINA,KOBIETA,49087
BOGUSŁAWA,KOBIETA,48763
MARLENA,KOBIETA,48375
REGINA,KOBIETA,47070
NADIA,KOBIETA,46477
ŁUCJA,KOBIETA,46277
ANITA,KOBIETA,45266
KORNELIA,KOBIETA,45151
WŁADYSŁAWA,KOBIETA,44174
CZESŁAWA,KOBIETA,44018
ANIELA,KOBIETA,40419
IGA,KOBIETA,38574
LILIANA,KOBIETA,38228
JAGODA,KOBIETA,38200
MARCELINA,KOBIETA,37357
NINA,KOBIETA,36791
POLA,KOBIETA,34589
WIOLETA,KOBIETA,34527
ADRIANNA,KOBIETA,32280
ROKSANA,KOBIETA,31698
KARINA,KOBIETA,31668
DAGMARA,KOBIETA,31494
CECYLIA,KOBIETA,30144
MALWINA,KOBIETA,29320
SARA,KOBIETA,28353
LEOKADIA,KOBIETA,28190
ZDZISŁAWA,KOBIETA,27812
ŻANETA,KOBIETA,27216
ELIZA,KOBIETA,26106
BRONISŁAWA,KOBIETA,25548
EUGENIA,KOBIETA,24685
RÓŻA,KOBIETA,23844
TETIANA,KOBIETA,23393
BERNADETA,KOBIETA,23379
NATALIIA,KOBIETA,23202
KAJA,KOBIETA,22166
OLENA,KOBIETA,21802
JULITA,KOBIETA,21668
DANIELA,KOBIETA,21404
ALDONA,KOBIETA,21286
IRYNA,KOBIETA,21264
ANASTAZJA,KOBIETA,20805
KLARA,KOBIETA,20508
BLANKA,KOBIETA,20060
OKSANA,KOBIETA,19931
ROZALIA,KOBIETA,19698
VIOLETTA,KOBIETA,19288
MAGDA,KOBIETA,18263
CELINA,KOBIETA,18062
DIANA,KOBIETA,17962
SVITLANA,KOBIETA,16910
HONORATA,KOBIETA,16734
LILIANNA,KOBIETA,16474
OLHA,KOBIETA,16467
ADRIANA,KOBIETA,15476
PAULA,KOBIETA,15185
MATYLDA,KOBIETA,15142
BRYGIDA,KOBIETA,14943
GERTRUDA,KOBIETA,14888
MIECZYSŁAWA,KOBIETA,14404
IZABELLA,KOBIETA,14257
MARIIA,KOBIETA,13752
BOŻENNA,KOBIETA,13298
AURELIA,KOBIETA,13279
YULIIA,KOBIETA,13032
KALINA,KOBIETA,12808
MARIKA,KOBIETA,12804
ELWIRA,KOBIETA,12670
MARZANNA,KOBIETA,12495
SONIA,KOBIETA,12427
ANDŻELIKA,KOBIETA,11813
NELA,KOBIETA,11762
VIKTORIIA,KOBIETA,11691
ARLETA,KOBIETA,11342
LIUDMYLA,KOBIETA,11125
KATERYNA,KOBIETA,10840
ANASTASIIA,KOBIETA,10831
OLIVIA,KOBIETA,10803
FRANCISZKA,KOBIETA,10530
ADELA,KOBIETA,10270
LUIZA,KOBIETA,10059
JUDYTA,KOBIETA,9608
HALYNA,KOBIETA,9434
ALFREDA,KOBIETA,9352
NICOLE,KOBIETA,8886
NATASZA,KOBIETA,8855
TATIANA,KOBIETA,8843
NICOLA,KOBIETA,8839
JOWITA,KOBIETA,8559
VICTORIA,KOBIETA,8548
MARYNA,KOBIETA,8217
ROMANA,KOBIETA,8039
APOLONIA,KOBIETA,7988
VANESSA,KOBIETA,7892
LUDWIKA,KOBIETA,7804
JULIANNA,KOBIETA,7625
TAMARA,KOBIETA,7605
ELEONORA,KOBIETA,7592
VALENTYNA,KOBIETA,7445
MARZENNA,KOBIETA,7408
WACŁAWA,KOBIETA,7375
JESSICA,KOBIETA,7363
INGA,KOBIETA,7342
LIWIA,KOBIETA,7143
ZENONA,KOBIETA,7127
ESTERA,KOBIETA,7002
MELANIA,KOBIETA,6966
ADA,KOBIETA,6889
NADIIA,KOBIETA,6841
BERNADETTA,KOBIETA,6660
MIA,KOBIETA,6413
WALENTYNA,KOBIETA,6403
HILDEGARDA,KOBIETA,6389
INNA,KOBIETA,6312
ZENOBIA,KOBIETA,6251
DONATA,KOBIETA,6215
LUDMIŁA,KOBIETA,6183
FELICJA,KOBIETA,6154
ANETTA,KOBIETA,6064
BIANKA,KOBIETA,5922
LARYSA,KOBIETA,5921
ROMUALDA,KOBIETA,5885
OTYLIA,KOBIETA,5557
ELENA,KOBIETA,5536
GIZELA,KOBIETA,5531
AMANDA,KOBIETA,5339
PELAGIA,KOBIETA,5269
IRMINA,KOBIETA,5153
LIUBOV,KOBIETA,5039
RITA,KOBIETA,5039
ERYKA,KOBIETA,4896
OLEKSANDRA,KOBIETA,4869
IDA,KOBIETA,4857
LILIA,KOBIETA,4851
SŁAWOMIRA,KOBIETA,4806
MAYA,KOBIETA,4804
BERNARDA,KOBIETA,4716
LILLA,KOBIETA,4697
YANA,KOBIETA,4620
LONGINA,KOBIETA,4579
ALLA,KOBIETA,4562
WALERIA,KOBIETA,4548
TEODOZJA,KOBIETA,4498
RYSZARDA,KOBIETA,4361
TEODORA,KOBIETA,4352
EMMA,KOBIETA,4167
ADELAJDA,KOBIETA,4106
KAMILLA,KOBIETA,3847
MIRELA,KOBIETA,3840
ALBINA,KOBIETA,3823
LILIIA,KOBIETA,3775
FAUSTYNA,KOBIETA,3464
ALONA,KOBIETA,3388
SAMANTA,KOBIETA,3368
OLIMPIA,KOBIETA,3362
LILA,KOBIETA,3347
FELIKSA,KOBIETA,3306
ALEXANDRA,KOBIETA,3248
LUCJA,KOBIETA,3248
MARYLA,KOBIETA,3194
MARCELA,KOBIETA,3144
SOFIIA,KOBIETA,3141
ZYTA,KOBIETA,3134
SOFIA,KOBIETA,3106
LEONARDA,KOBIETA,3072
GAJA,KOBIETA,3054
MARIANA,KOBIETA,3011
ANGELINA,KOBIETA,2977
IVANNA,KOBIETA,2946
VERONIKA,KOBIETA,2934
VIKTORIA,KOBIETA,2934
OKTAWIA,KOBIETA,2821
KSENIA,KOBIETA,2803
VALERIIA,KOBIETA,2796
KONSTANCJA,KOBIETA,2768
PAMELA,KOBIETA,2745
ZOJA,KOBIETA,2729
KHRYSTYNA,KOBIETA,2718
WANESSA,KOBIETA,2663
BOLESŁAWA,KOBIETA,2503
BOGNA,KOBIETA,2498
JAGNA,KOBIETA,2467
MIRELLA,KOBIETA,2434
CLAUDIA,KOBIETA,2430
LESIA,KOBIETA,2412
NOEMI,KOBIETA,2396
KRZYSZTOFA,KOBIETA,2333
SALOMEA,KOBIETA,2314
VIRA,KOBIETA,2306
NADZIEJA,KOBIETA,2296
EDWARDA,KOBIETA,2290
ELFRYDA,KOBIETA,2284
NEL,KOBIETA,2271
INEZ,KOBIETA,2265
MARIYA,KOBIETA,2175
SOPHIE,KOBIETA,2158
ALENA,KOBIETA,2156
EMILY,KOBIETA,2073
OLA,KOBIETA,2044
EDELTRAUDA,KOBIETA,2041
STELLA,KOBIETA,2017
MICHELLE,KOBIETA,2008
NATALIYA,KOBIETA,1974
YEVHENIIA,KOBIETA,1954
SARAH,KOBIETA,1937
ANGELA,KOBIETA,1932
TOLA,KOBIETA,1913
MARINA,KOBIETA,1868
YELYZAVETA,KOBIETA,1838
YULIYA,KOBIETA,1823
MIRIAM,KOBIETA,1801
INES,KOBIETA,1785
OLESIA,KOBIETA,1783
RUSLANA,KOBIETA,1773
IRINA,KOBIETA,1769
LEA,KOBIETA,1760
IZA,KOBIETA,1739
ARLETTA,KOBIETA,1718
JAŚMINA,KOBIETA,1718
WIERA,KOBIETA,1711
GALYNA,KOBIETA,1686
ROMA,KOBIETA,1670
RUTA,KOBIETA,1667
NATALIE,KOBIETA,1661
MARIETTA,KOBIETA,1660
KLEMENTYNA,KOBIETA,1655
MANUELA,KOBIETA,1655
KLAUDYNA,KOBIETA,1643
HELGA,KOBIETA,1623
ANTONIA,KOBIETA,1615
ANASTASIYA,KOBIETA,1605
VITA,KOBIETA,1600
POLINA,KOBIETA,1586
EVA,KOBIETA,1578
RAISA,KOBIETA,1567
TATSIANA,KOBIETA,1565
GERDA,KOBIETA,1527
GRETA,KOBIETA,1506
LIDIIA,KOBIETA,1497
NATALLIA,KOBIETA,1466
KARYNA,KOBIETA,1452
MARHARYTA,KOBIETA,1435
ANA,KOBIETA,1411
VOLHA,KOBIETA,1406
MYROSLAVA,KOBIETA,1404
IRMGARDA,KOBIETA,1397
TEOFILA,KOBIETA,1393
KRISTINA,KOBIETA,1386
MILA,KOBIETA,1381
EULALIA,KOBIETA,1380
FLORENTYNA,KOBIETA,1377
DOBROSŁAWA,KOBIETA,1373
BERNARDYNA,KOBIETA,1360
ULIANA,KOBIETA,1354
ANDREA,KOBIETA,1351
JAROSŁAWA,KOBIETA,1349
ZHANNA,KOBIETA,1347
MARTINA,KOBIETA,1338
SOPHIA,KOBIETA,1313
KATSIARYNA,KOBIETA,1298
ERNA,KOBIETA,1294
ANZHELA,KOBIETA,1291
TETYANA,KOBIETA,1288
IULIIA,KOBIETA,1274
ERIKA,KOBIETA,1270
VERONICA,KOBIETA,1261
LARA,KOBIETA,1256
NICOL,KOBIETA,1225
LIVIA,KOBIETA,1215
DARYNA,KOBIETA,1211
WANESA,KOBIETA,1211
HANKA,KOBIETA,1207
LINDA,KOBIETA,1206
LUBA,KOBIETA,1196
ANASTASIA,KOBIETA,1191
DŻESIKA,KOBIETA,1185
MARCJANNA,KOBIETA,1181
JENNIFER,KOBIETA,1169
ALA,KOBIETA,1165
MALINA,KOBIETA,1161
ANHELINA,KOBIETA,1154
NIKOL,KOBIETA,1154
GANNA,KOBIETA,1150
MAJKA,KOBIETA,1149
WIRGINIA,KOBIETA,1141
PATRICIA,KOBIETA,1137
KSENIIA,KOBIETA,1133
ZINAIDA,KOBIETA,1132
ISABELLA,KOBIETA,1121
MARITA,KOBIETA,1121
GLORIA,KOBIETA,1120
BALBINA,KOBIETA,1118
KUNEGUNDA,KOBIETA,1109
GALINA,KOBIETA,1106
SIMONA,KOBIETA,1084
ALISA,KOBIETA,1081
SEWERYNA,KOBIETA,1062
DAJANA,KOBIETA,1051
ANIKA,KOBIETA,1047
JANA,KOBIETA,1035
FILOMENA,KOBIETA,1028
EMANUELA,KOBIETA,1019
SABRINA,KOBIETA,999
MIRA,KOBIETA,997
HANNAH,KOBIETA,977
SVETLANA,KOBIETA,964
BERENIKA,KOBIETA,962
CARMEN,KOBIETA,953
CAROLINE,KOBIETA,946
KORNELA,KOBIETA,946
GABRIELLA,KOBIETA,939
NIKOLETTA,KOBIETA,939
DARIIA,KOBIETA,936
DARYA,KOBIETA,934
RAMONA,KOBIETA,928
BLANDYNA,KOBIETA,919
BENEDYKTA,KOBIETA,915
IWONNA,KOBIETA,914
LEONTYNA,KOBIETA,908
LUBOMIRA,KOBIETA,907
SVIATLANA,KOBIETA,906
BOGDANA,KOBIETA,898
ŻAKLINA,KOBIETA,898
LIGIA,KOBIETA,892
MARYIA,KOBIETA,892
AMALIA,KOBIETA,882
KIRA,KOBIETA,876
NELLY,KOBIETA,872
LIUDMILA,KOBIETA,871
DALIA,KOBIETA,866
GABRYELA,KOBIETA,865
ALICE,KOBIETA,858
VALENTINA,KOBIETA,855
NAOMI,KOBIETA,853
ZORIANA,KOBIETA,852
EMILA,KOBIETA,851
LILY,KOBIETA,851
MILANA,KOBIETA,848
ELIZABETH,KOBIETA,844
INA,KOBIETA,842
NADIYA,KOBIETA,838
BOHDANA,KOBIETA,837
INGRID,KOBIETA,831
ALICIA,KOBIETA,830
INGEBORGA,KOBIETA,830
MICHAELA,KOBIETA,827
SWIETŁANA,KOBIETA,822
SYBILLA,KOBIETA,818
IRMA,KOBIETA,816
IDALIA,KOBIETA,813
LYUDMYLA,KOBIETA,800
NELIA,KOBIETA,792
BIANCA,KOBIETA,788
DOMICELA,KOBIETA,786
CELESTYNA,KOBIETA,779
SNIZHANA,KOBIETA,771
TEKLA,KOBIETA,768
GRACJANA,KOBIETA,767
INKA,KOBIETA,767
JÓZEFINA,KOBIETA,764
VIKTORYIA,KOBIETA,757
HANA,KOBIETA,754
LILLY,KOBIETA,747
ROXANA,KOBIETA,744
YAROSLAVA,KOBIETA,739
VIOLETA,KOBIETA,738
MARGARITA,KOBIETA,733
KAYA,KOBIETA,732
VLADYSLAVA,KOBIETA,732
ELLA,KOBIETA,729
SŁAWA,KOBIETA,729
LEONIA,KOBIETA,727
BERNARDETA,KOBIETA,724
ŻANETTA,KOBIETA,723
LYUBOV,KOBIETA,713
MARGARETA,KOBIETA,702
CAROLINA,KOBIETA,695
ANZHELIKA,KOBIETA,694
MARIE,KOBIETA,694
ABIGAIL,KOBIETA,693
ARIANA,KOBIETA,687
BENITA,KOBIETA,685
BERTA,KOBIETA,684
MONICA,KOBIETA,678
EKATERINA,KOBIETA,668
LINA,KOBIETA,664
DOBRAWA,KOBIETA,661
ELA,KOBIETA,658
JESIKA,KOBIETA,654
KASANDRA,KOBIETA,645
ZOIA,KOBIETA,627
KARIN,KOBIETA,625
EUNIKA,KOBIETA,624
DOBROCHNA,KOBIETA,623
CRISTINA,KOBIETA,616
DAGNA,KOBIETA,616
JESSIKA,KOBIETA,616
ORIANA,KOBIETA,610
VIKTORIYA,KOBIETA,606
MELISA,KOBIETA,605
YEVA,KOBIETA,599
MELISSA,KOBIETA,594
ZLATA,KOBIETA,589
ZOE,KOBIETA,589
ALIAKSANDRA,KOBIETA,586
ARINA,KOBIETA,586
AUGUSTYNA,KOBIETA,579
NATHALIE,KOBIETA,578
FATIMA,KOBIETA,572
LESŁAWA,KOBIETA,571
LISA,KOBIETA,570
VASYLYNA,KOBIETA,570
JASMINA,KOBIETA,568
GIULIA,KOBIETA,565
SOLOMIIA,KOBIETA,564
MAIA,KOBIETA,563
WILHELMINA,KOBIETA,558
CLARA,KOBIETA,555
JASMIN,KOBIETA,553
JULITTA,KOBIETA,553
DINA,KOBIETA,547
SELENA,KOBIETA,546
MARIETA,KOBIETA,545
EUFEMIA,KOBIETA,544
ELISABETH,KOBIETA,543
NIKOLINA,KOBIETA,541
SYLWESTRA,KOBIETA,537
LARISA,KOBIETA,534
ELISA,KOBIETA,532
SILVIA,KOBIETA,531
YANINA,KOBIETA,523
ERNESTYNA,KOBIETA,520
NELLA,KOBIETA,519
VERA,KOBIETA,518
PETRONELA,KOBIETA,516
ROZWITA,KOBIETA,516
ADELINA,KOBIETA,515
EVELINA,KOBIETA,509
DANA,KOBIETA,508
SYLVIA,KOBIETA,507
VERANIKA,KOBIETA,507
LEILA,KOBIETA,504
LUDOMIRA,KOBIETA,504
SAMANTHA,KOBIETA,501
RADOSŁAWA,KOBIETA,497
LILIYA,KOBIETA,493
AURORA,KOBIETA,488
NIKOLETA,KOBIETA,486
CATHERINE,KOBIETA,482
MIŁOSŁAWA,KOBIETA,482
MELANIE,KOBIETA,481
NELL,KOBIETA,479
MIRANDA,KOBIETA,472
NATASHA,KOBIETA,471
IZOLDA,KOBIETA,470
LAILA,KOBIETA,470
VIVIEN,KOBIETA,467
MAIIA,KOBIETA,466
LETYCJA,KOBIETA,462
MARIAM,KOBIETA,460
KATHERINE,KOBIETA,458
DOBROMIŁA,KOBIETA,455
MARGOT,KOBIETA,453
CHARLOTTE,KOBIETA,449
SOFIYA,KOBIETA,449
AKSANA,KOBIETA,448
NIKA,KOBIETA,448
EMA,KOBIETA,447
INGRIDA,KOBIETA,446
LILI,KOBIETA,444
FRYDERYKA,KOBIETA,443
SUSANNA,KOBIETA,441
BENIGNA,KOBIETA,438
VARVARA,KOBIETA,436
KATHARINA,KOBIETA,435
KAREN,KOBIETA,433
ZENAIDA,KOBIETA,427
KSENIYA,KOBIETA,424
CYRYLA,KOBIETA,423
LUCIA,KOBIETA,422
NARCYZA,KOBIETA,422
AGNES,KOBIETA,421
ELZA,KOBIETA,421
ELINA,KOBIETA,418
ANIDA,KOBIETA,417
AMINA,KOBIETA,414
ISMENA,KOBIETA,413
LAYLA,KOBIETA,413
HALSZKA,KOBIETA,412
TAISIIA,KOBIETA,412
NOA,KOBIETA,411
YAEL,KOBIETA,409
ROKSOLANA,KOBIETA,408
VALERYIA,KOBIETA,405
KSYMENA,KOBIETA,402
SCHOLASTYKA,KOBIETA,401
ANDŻELINA,KOBIETA,400
JACQUELINE,KOBIETA,400
ANGELICA,KOBIETA,397
JASMINE,KOBIETA,397
CHIARA,KOBIETA,394
RUTH,KOBIETA,394
ARIADNA,KOBIETA,393
JULIANA,KOBIETA,392
MARTHA,KOBIETA,392
LIANA,KOBIETA,390
WALTRAUDA,KOBIETA,388
BETINA,KOBIETA,387
LIZA,KOBIETA,387
HERMINA,KOBIETA,386
JELENA,KOBIETA,386
JESICA,KOBIETA,386
ALESIA,KOBIETA,383
ELVIRA,KOBIETA,383
CHRISTINE,KOBIETA,379
DELFINA,KOBIETA,377
LIA,KOBIETA,377
IWETTA,KOBIETA,376
KRYSTSINA,KOBIETA,371
TAISA,KOBIETA,371
TAMAR,KOBIETA,371
ALMA,KOBIETA,370
ANICETA,KOBIETA,366
DEBORA,KOBIETA,366
ALIONA,KOBIETA,361
BIBIANNA,KOBIETA,361
IWETA,KOBIETA,361
OTOLIA,KOBIETA,361
TINA,KOBIETA,361
CHRISTINA,KOBIETA,360
VITALINA,KOBIETA,360
GRACJA,KOBIETA,357
LUKRECJA,KOBIETA,356
MARGARET,KOBIETA,354
ADAMINA,KOBIETA,352
ISABELLE,KOBIETA,350
MARIJA,KOBIETA,350
PALINA,KOBIETA,348
MATILDA,KOBIETA,347
SAMIRA,KOBIETA,347
IANA,KOBIETA,345
NICOLETTA,KOBIETA,345
AMY,KOBIETA,341
MODESTA,KOBIETA,341
PAOLA,KOBIETA,341
RYTA,KOBIETA,341
HIACYNTA,KOBIETA,339
TAMILA,KOBIETA,339
THI,KOBIETA,339
VALERIA,KOBIETA,339
LUDWINA,KOBIETA,338
LUBOW,KOBIETA,337
STEPHANIE,KOBIETA,336
ILZA,KOBIETA,335
LIZAVETA,KOBIETA,334
MICHAL,KOBIETA,334
NADINE,KOBIETA,334
SZARLOTA,KOBIETA,334
ANNE,KOBIETA,332
LESYA,KOBIETA,331
FRANCESCA,KOBIETA,330
NADZEYA,KOBIETA,329
WINCENTYNA,KOBIETA,329
HIERONIMA,KOBIETA,327
ISABEL,KOBIETA,327
AIDA,KOBIETA,326
PRAKSEDA,KOBIETA,326
CHLOE,KOBIETA,325
GAIA,KOBIETA,325
KESJA,KOBIETA,324
ŻANNA,KOBIETA,322
VALIANTSINA,KOBIETA,320
VITALIIA,KOBIETA,320
ANDRZELIKA,KOBIETA,319
YULIA,KOBIETA,319
AMELIE,KOBIETA,317
ZOYA,KOBIETA,317
LUNA,KOBIETA,314
JULIE,KOBIETA,312
LUCJANNA,KOBIETA,312
LUCY,KOBIETA,311
AŁŁA,KOBIETA,310
OXANA,KOBIETA,309
WIELISŁAWA,KOBIETA,309
IRENE,KOBIETA,308
SERAFINA,KOBIETA,305
ARIANNA,KOBIETA,301
EMILIE,KOBIETA,301
RACHEL,KOBIETA,299
YASMIN,KOBIETA,295
HERONIMA,KOBIETA,294
WERA,KOBIETA,292
LUISA,KOBIETA,291
RACHELA,KOBIETA,291
NATALYA,KOBIETA,290
INGRYDA,KOBIETA,288
NELLI,KOBIETA,288
MARY,KOBIETA,287
SOFIJA,KOBIETA,287
ULYANA,KOBIETA,283
ELENI,KOBIETA,282
YARYNA,KOBIETA,282
KSAWERA,KOBIETA,281
ANIA,KOBIETA,280
AURELA,KOBIETA,280
EMILIIA,KOBIETA,280
ANDRIANA,KOBIETA,278
JOHANNA,KOBIETA,278
IRMGARD,KOBIETA,276
KAROLA,KOBIETA,276
ROZA,KOBIETA,275
LEONORA,KOBIETA,274
CARLA,KOBIETA,273
LARISSA,KOBIETA,273
SONJA,KOBIETA,273
ARLENA,KOBIETA,272
CAMILLA,KOBIETA,272
LEONA,KOBIETA,271
NASTAZJA,KOBIETA,270
SUSANNE,KOBIETA,270
ALESSANDRA,KOBIETA,269
VIVIENNE,KOBIETA,269
DORIS,KOBIETA,268
JOLENTA,KOBIETA,268
LAURENCJA,KOBIETA,267
MEGAN,KOBIETA,267
SWITŁANA,KOBIETA,266
ELIANA,KOBIETA,265
SHARON,KOBIETA,265
LEYLA,KOBIETA,264
ANJA,KOBIETA,263
LORENA,KOBIETA,262
MIRONA,KOBIETA,262
MADINA,KOBIETA,261
ADI,KOBIETA,260
DZIYANA,KOBIETA,260
KARMEN,KOBIETA,260
CORNELIA,KOBIETA,259
NASTASSIA,KOBIETA,258
HILDA,KOBIETA,257
KATIA,KOBIETA,257
MIKA,KOBIETA,257
ALESSIA,KOBIETA,255
ALOJZA,KOBIETA,254
LILLI,KOBIETA,254
PETRA,KOBIETA,254
WŁODZIMIERA,KOBIETA,253
ERWINA,KOBIETA,252
AMIRA,KOBIETA,251
ASTRID,KOBIETA,250
NINO,KOBIETA,247
AISHA,KOBIETA,246
LUDMILA,KOBIETA,246
MALIKA,KOBIETA,246
URSULA,KOBIETA,246
INESA,KOBIETA,244
FABIOLA,KOBIETA,239
ROSA,KOBIETA,238
TADEUSZA,KOBIETA,238
KRYSTIANA,KOBIETA,237
LIDIYA,KOBIETA,237
HELEN,KOBIETA,236
NASTIA,KOBIETA,236
KATARINA,KOBIETA,235
SUSAN,KOBIETA,235
GUSTAWA,KOBIETA,234
YELIZAVETA,KOBIETA,234
DIONIZA,KOBIETA,232
DOLORES,KOBIETA,232
HERTA,KOBIETA,231
SYNTIA,KOBIETA,231
CAMILA,KOBIETA,230
REBECCA,KOBIETA,230
IZYDORA,KOBIETA,229
CHANTAL,KOBIETA,228
KATRIN,KOBIETA,228
ROSE,KOBIETA,225
BOGDA,KOBIETA,224
CYNTHIA,KOBIETA,223
RENA,KOBIETA,223
AUGUSTA,KOBIETA,222
ESTHER,KOBIETA,222
WALBURGA,KOBIETA,222
ADOLFA,KOBIETA,221
YULIANA,KOBIETA,221
ELIZAVETA,KOBIETA,220
WINCENTA,KOBIETA,220
ZBIGNIEWA,KOBIETA,220
SOFIE,KOBIETA,219
LYDIA,KOBIETA,218
MARYAM,KOBIETA,218
VLADA,KOBIETA,217
ANAT,KOBIETA,216
GRACE,KOBIETA,216
FATMA,KOBIETA,215
LEAH,KOBIETA,215
ORYSIA,KOBIETA,215
RUT,KOBIETA,215
PAULINE,KOBIETA,213
WALESKA,KOBIETA,212
MARGARYTA,KOBIETA,211
ROBERTA,KOBIETA,211
AGATHA,KOBIETA,210
YVONNE,KOBIETA,209
ADOLFINA,KOBIETA,208
NADJA,KOBIETA,208
TAL,KOBIETA,208
JAGIENKA,KOBIETA,207
GABRIELLE,KOBIETA,206
MARGOTA,KOBIETA,205
FELICYTA,KOBIETA,204
KAMELIA,KOBIETA,204
PATRIZIA,KOBIETA,204
KIARA,KOBIETA,202
YAUHENIYA,KOBIETA,202
MARYANA,KOBIETA,200
NATALIJA,KOBIETA,200
ZOSIA,KOBIETA,200
REBEKA,KOBIETA,199
NADIJA,KOBIETA,198
VIRGINIA,KOBIETA,198
VIVIANA,KOBIETA,198
LUBOMIŁA,KOBIETA,197
SUZANNE,KOBIETA,197
KORYNA,KOBIETA,196
ZARA,KOBIETA,196
NOELIA,KOBIETA,195
TEREZA,KOBIETA,195
ELIF,KOBIETA,194
BLANCA,KOBIETA,193
ELMIRA,KOBIETA,193
IEVGENIIA,KOBIETA,192
LUCJANA,KOBIETA,192
MILLA,KOBIETA,192
DEBORAH,KOBIETA,191
SALMA,KOBIETA,191
NADIEŻDA,KOBIETA,190
SHIRA,KOBIETA,190
EDITH,KOBIETA,189
FRYDA,KOBIETA,188
KARLA,KOBIETA,188
KRYSPINA,KOBIETA,188
RAFAELA,KOBIETA,188
SUZANNA,KOBIETA,188
SUSANA,KOBIETA,187
KAMILIA,KOBIETA,185
LUDGARDA,KOBIETA,185
RONI,KOBIETA,185
SIMONE,KOBIETA,185
ECATERINA,KOBIETA,184
KASJANA,KOBIETA,184
MERVE,KOBIETA,184
KATERINA,KOBIETA,182
STELA,KOBIETA,182
VITTORIA,KOBIETA,181
DANIELLE,KOBIETA,180
DĄBRÓWKA,KOBIETA,180
DENISE,KOBIETA,180
ILIANA,KOBIETA,180
INHA,KOBIETA,180
STANISLAVA,KOBIETA,180
THỊ,KOBIETA,179
VIVIAN,KOBIETA,179
ZEFIRYNA,KOBIETA,178
TATJANA,KOBIETA,176
EUFROZYNA,KOBIETA,175
INEZA,KOBIETA,175
ROMINA,KOBIETA,175
ANNA-MARIA,KOBIETA,174
KARINE,KOBIETA,174
INESSA,KOBIETA,173
ZUZANA,KOBIETA,173
JENNY,KOBIETA,172
AYA,KOBIETA,171
DAMIANA,KOBIETA,171
JULIETTE,KOBIETA,171
CHANEL,KOBIETA,170
EDMUNDA,KOBIETA,170
SCARLETT,KOBIETA,170
VALERIYA,KOBIETA,170
BETTINA,KOBIETA,169
DORA,KOBIETA,169
ESTER,KOBIETA,169
IMAN,KOBIETA,169
SATURNINA,KOBIETA,169
VANESA,KOBIETA,169
BEATRIZ,KOBIETA,168
LEONIDA,KOBIETA,167
OLESYA,KOBIETA,167
PALOMA,KOBIETA,167
ZEYNEP,KOBIETA,167
HENRIETA,KOBIETA,166
KATHRIN,KOBIETA,166
WALTRAUD,KOBIETA,166
BIRUTA,KOBIETA,165
FLORA,KOBIETA,165
LUDOMIŁA,KOBIETA,165
WALTRAUT,KOBIETA,165
ELIGIA,KOBIETA,164
IRIS,KOBIETA,164
JULIETTA,KOBIETA,164
NELI,KOBIETA,164
HANIA,KOBIETA,163
NORA,KOBIETA,163
WISŁAWA,KOBIETA,163
ANNETTE,KOBIETA,162
INGEBORG,KOBIETA,162
TATYANA,KOBIETA,162
WIEŃCZYSŁAWA,KOBIETA,162
EVELYN,KOBIETA,161
CECILIA,KOBIETA,160
IVANA,KOBIETA,160
MARINE,KOBIETA,160
ANNIKA,KOBIETA,159
NADEJDA,KOBIETA,159
SYLWINA,KOBIETA,159
YASMINE,KOBIETA,159
MARGARETE,KOBIETA,158
EDELTRAUD,KOBIETA,157
JOLA,KOBIETA,157
KATRINA,KOBIETA,157
ALBERTYNA,KOBIETA,156
BELLA,KOBIETA,156
CLAIRE,KOBIETA,156
NADEZHDA,KOBIETA,156
KATE,KOBIETA,155
EMILIYA,KOBIETA,153
IULIA,KOBIETA,153
IWONKA,KOBIETA,153
KAYLA,KOBIETA,153
LUCIE,KOBIETA,153
MALVINA,KOBIETA,153
EDWINA,KOBIETA,152
LOUISE,KOBIETA,152
AFRODYTA,KOBIETA,151
NICOLL,KOBIETA,151
KELLY,KOBIETA,150
AMBER,KOBIETA,149
ANATOLA,KOBIETA,149
DENISA,KOBIETA,149
HANNELORE,KOBIETA,149
ARYNA,KOBIETA,148
HEIDI,KOBIETA,148
KHAVA,KOBIETA,148
KIM,KOBIETA,147
RAQUEL,KOBIETA,147
ZINA,KOBIETA,147
ZYGFRYDA,KOBIETA,147
ANATOLIA,KOBIETA,145
AVA,KOBIETA,145
JOSEPHINE,KOBIETA,145
ŻAKLIN,KOBIETA,145
CYNTIA,KOBIETA,144
LANA,KOBIETA,144
STEFANIIA,KOBIETA,143
ANDŻELA,KOBIETA,142
DARINA,KOBIETA,141
HILDEGARD,KOBIETA,141
KASIA,KOBIETA,141
FRIDA,KOBIETA,140
JULIETA,KOBIETA,140
NEONILA,KOBIETA,140
SABINE,KOBIETA,140
DOMINIQUE,KOBIETA,139
JUTA,KOBIETA,139
KATJA,KOBIETA,139
LILIAN,KOBIETA,139
MARÍA,KOBIETA,139
MARION,KOBIETA,139
SYLWANA,KOBIETA,139
CINDY,KOBIETA,138
KORDULA,KOBIETA,138
LIDA,KOBIETA,138
MERCEDES,KOBIETA,138
JUSTINE,KOBIETA,137
MARGERITA,KOBIETA,137
ANŻELIKA,KOBIETA,136
FLORIANNA,KOBIETA,136
LOLA,KOBIETA,136
DAIANA,KOBIETA,135
KOLETA,KOBIETA,135
LÉA,KOBIETA,135
LOLITA,KOBIETA,135
WIWIANA,KOBIETA,135
YUVAL,KOBIETA,135
LAUREN,KOBIETA,134
SEDA,KOBIETA,134
HILARIA,KOBIETA,133
KEREN,KOBIETA,133
LENKA,KOBIETA,133
NANCY,KOBIETA,133
NILA,KOBIETA,133
YASMINA,KOBIETA,133
GEORGINA,KOBIETA,132
ILANA,KOBIETA,132
KRISTINE,KOBIETA,132
EDELTRAUT,KOBIETA,131
KAMA,KOBIETA,130
LORETTA,KOBIETA,130
ANN,KOBIETA,129
MIHAELA,KOBIETA,129
BEATRICE,KOBIETA,128
JUDITH,KOBIETA,128
KATIE,KOBIETA,128
MAURA,KOBIETA,128
ANI,KOBIETA,127
ANNAMARIA,KOBIETA,127
BEATRYCZE,KOBIETA,127
BERNADYNA,KOBIETA,127
BRIGITTE,KOBIETA,127
ŁARYSA,KOBIETA,127
STEFANIE,KOBIETA,127
EDITA,KOBIETA,126
RYMMA,KOBIETA,126
VIORICA,KOBIETA,126
CAMILLE,KOBIETA,125
KORA,KOBIETA,125
ZARINA,KOBIETA,124
ANNEMARIE,KOBIETA,123
ASHLEY,KOBIETA,123
CARINA,KOBIETA,123
ELLEN,KOBIETA,123
JUTTA,KOBIETA,123
LETICIA,KOBIETA,123
LIUBOU,KOBIETA,123
SYBILA,KOBIETA,123
ARETA,KOBIETA,122
MALENA,KOBIETA,121
ALEXIA,KOBIETA,120
ANASTASIJA,KOBIETA,120
AYLIN,KOBIETA,120
ESRA,KOBIETA,120
FIONA,KOBIETA,120
HILA,KOBIETA,120
MARISA,KOBIETA,120
XYMENA,KOBIETA,120
ANNABELLE,KOBIETA,119
GISELA,KOBIETA,119
JULIJA,KOBIETA,119
ZUZA,KOBIETA,119
LILLIAN,KOBIETA,118
TANIA,KOBIETA,118
ANAHIT,KOBIETA,117
FILIPINA,KOBIETA,117
GABRIELE,KOBIETA,117
MADELEINE,KOBIETA,117
NARINE,KOBIETA,117
ROSANNA,KOBIETA,117
XENIA,KOBIETA,117
DANIELLA,KOBIETA,116
FABIANA,KOBIETA,116
MOLLY,KOBIETA,116
NIKITA,KOBIETA,116
ROSEMARIE,KOBIETA,116
ISABELL,KOBIETA,115
MONA,KOBIETA,115
ALEVTYNA,KOBIETA,114
DAMARIS,KOBIETA,114
DOROTHEA,KOBIETA,114
GAYANE,KOBIETA,114
KHEDA,KOBIETA,114
LUSINE,KOBIETA,114
NATIA,KOBIETA,114
AMIT,KOBIETA,113
LIAT,KOBIETA,113
MATHILDE,KOBIETA,113
NANA,KOBIETA,113
TIFFANY,KOBIETA,113
BERNARDETTA,KOBIETA,112
ITA,KOBIETA,112
KAIA,KOBIETA,112
KIMBERLY,KOBIETA,112
NOGA,KOBIETA,112
RAJMUNDA,KOBIETA,112
EMILIANA,KOBIETA,111
FERNANDA,KOBIETA,111
RODICA,KOBIETA,111
BEATE,KOBIETA,110
IWA,KOBIETA,110
JANET,KOBIETA,110
PIA,KOBIETA,110
HELENE,KOBIETA,109
LIUBA,KOBIETA,109
OŁENA,KOBIETA,109
SUZANA,KOBIETA,109
TAIDA,KOBIETA,109
TELIMENA,KOBIETA,109
BOZHENA,KOBIETA,108
CASSANDRA,KOBIETA,108
KORINA,KOBIETA,108
LIUBOMYRA,KOBIETA,108
PRZEMYSŁAWA,KOBIETA,108
WILMA,KOBIETA,108
ASIA,KOBIETA,107
AYŞE,KOBIETA,107
DALILA,KOBIETA,107
DOROTHY,KOBIETA,107
YELENA,KOBIETA,107
ZYGRYDA,KOBIETA,107
ELSA,KOBIETA,106
FLAVIA,KOBIETA,106
TOMIRA,KOBIETA,106
MARIANNE,KOBIETA,105
OLESEA,KOBIETA,105
RENATE,KOBIETA,105
SHIR,KOBIETA,105
ALIA,KOBIETA,104
ARKADIA,KOBIETA,104
FEDERICA,KOBIETA,104
JEANETTE,KOBIETA,104
KWIRYNA,KOBIETA,104
LEONIE,KOBIETA,104
LILIT,KOBIETA,104
OFELIA,KOBIETA,104
SELIN,KOBIETA,104
CATERINA,KOBIETA,103
FRIEDA,KOBIETA,103
HENRIETTA,KOBIETA,103
KARIONA,KOBIETA,103
LIJA,KOBIETA,103
TARA,KOBIETA,103
VANDA,KOBIETA,103
GAL,KOBIETA,102
MAKKA,KOBIETA,102
MARYSIA,KOBIETA,102
RENISŁAWA,KOBIETA,102
SASKIA,KOBIETA,102
SELMA,KOBIETA,102
YASEMIN,KOBIETA,102
LUCIANA,KOBIETA,101
MERYEM,KOBIETA,101
NETA,KOBIETA,101
RAYANA,KOBIETA,101
AYLA,KOBIETA,100
DARIYA,KOBIETA,100
FARIDA,KOBIETA,100
MAKSYMILIANA,KOBIETA,100
VIOLA,KOBIETA,100
ZORYANA,KOBIETA,100
ALEJANDRA,KOBIETA,99
CHRISTA,KOBIETA,99
DAGMAR,KOBIETA,99
DAGNY,KOBIETA,99
ELLI,KOBIETA,99
EMINE,KOBIETA,99
GIOVANNA,KOBIETA,99
REHINA,KOBIETA,99
SALWINA,KOBIETA,99
STEPANIIA,KOBIETA,99
ERICA,KOBIETA,98
FLORENCIA,KOBIETA,98
MINA,KOBIETA,98
ARIA,KOBIETA,97
DILARA,KOBIETA,97
MARGITA,KOBIETA,97
MICAELA,KOBIETA,97
NONNA,KOBIETA,97
