Nazwisko aktualne,Liczba
NOWAK,100617
KOWALSKI,68061
WIŚNIEWSKI,54170
WÓJCIK,48786
KOWALCZYK,47992
KAMIŃSKI,46735
LEWANDOWSKI,45363
ZIELIŃSKI,44713
SZYMAŃSKI,43499
KOZŁOWSKI,37068
MAZUR,34063
JANKOWSKI,33866
KWIATKOWSKI,32571
WOJCIECHOWSKI,32209
KRAWCZYK,31072
KACZMAREK,30454
PIOTROWSKI,29998
GRABOWSKI,28610
ZAJĄC,27535
PAWŁOWSKI,27219
MICHALSKI,26602
WRÓBEL,25127
WIECZOREK,24731
JABŁOŃSKI,24588
NOWAKOWSKI,24161
MAJEWSKI,24083
OLSZEWSKI,23714
DUDEK,23155
STĘPIEŃ,23105
JAWORSKI,23046
ADAMCZYK,22972
MALINOWSKI,22911
GÓRSKI,22265
PAWLAK,22201
NOWICKI,22156
SIKORA,22078
WITKOWSKI,21678
RUTKOWSKI,21497
WALCZAK,21403
BARAN,21069
MICHALAK,20766
SZEWCZYK,20569
OSTROWSKI,20448
TOMASZEWSKI,19661
ZALEWSKI,19353
WRÓBLEWSKI,19122
PIETRZAK,18889
JASIŃSKI,18780
MARCINIAK,18525
SADOWSKI,18463
BĄK,18404
ZAWADZKI,18354
DUDA,18345
JAKUBOWSKI,18200
WILK,17637
CHMIELEWSKI,17504
BORKOWSKI,17222
WŁODARCZYK,17178
SOKOŁOWSKI,16850
SZCZEPAŃSKI,16788
SAWICKI,16696
LIS,16525
KUCHARSKI,16087
KALINOWSKI,15850
WYSOCKI,15813
MAZUREK,15788
KUBIAK,15710
MACIEJEWSKI,15682
KOŁODZIEJ,15253
KAŹMIERCZAK,14851
CZARNECKI,14705
SOBCZAK,14206
KONIECZNY,14180
KRUPA,14039
GŁOWACKI,13907
URBAŃSKI,13852
MRÓZ,13801
WASILEWSKI,13690
ZAKRZEWSKI,13686
KRAJEWSKI,13645
LASKOWSKI,13529
SIKORSKI,13499
ZIÓŁKOWSKI,13392
GAJEWSKI,13271
SZULC,13234
MAKOWSKI,13214
KACZMARCZYK,13054
BRZEZIŃSKI,13002
BARANOWSKI,12960
KOZAK,12829
PRZYBYLSKI,12808
SZYMCZAK,12749
KANIA,12743
JANIK,12700
BŁASZCZYK,12676
BOROWSKI,12674
ADAMSKI,12633
GÓRECKI,12558
SZCZEPANIAK,12476
CHOJNACKI,12362
KOZIOŁ,12234
LESZCZYŃSKI,12202
MUCHA,12194
LIPIŃSKI,12183
CZERWIŃSKI,12171
KOWALEWSKI,12167
ANDRZEJEWSKI,12120
WESOŁOWSKI,12048
MIKOŁAJCZYK,12009
ZIĘBA,11851
CIEŚLAK,11834
JAROSZ,11830
MUSIAŁ,11650
KOWALIK,11623
MARKOWSKI,11567
KOŁODZIEJCZYK,11467
KOPEĆ,11377
BRZOZOWSKI,11292
NOWACKI,11183
PIĄTEK,11167
ŻAK,11154
DOMAŃSKI,11121
ORŁOWSKI,11085
PAWLIK,11054
KUREK,11001
CIESIELSKI,10949
TOMCZYK,10925
TOMCZAK,10915
WÓJTOWICZ,10876
WAWRZYNIAK,10769
KOT,10743
POLAK,10595
KRUK,10588
WOLSKI,10554
MARKIEWICZ,10499
SOWA,10480
STASIAK,10238
JASTRZĘBSKI,10198
STANKIEWICZ,10147
KARPIŃSKI,10132
URBANIAK,10088
KLIMEK,9963
ŁUCZAK,9951
PIASECKI,9941
CZAJKOWSKI,9888
WIERZBICKI,9851
NAWROCKI,9835
GAJDA,9789
BEDNAREK,9590
BIELECKI,9586
DZIEDZIC,9581
STEFAŃSKI,9575
MADEJ,9536
JANICKI,9484
MILEWSKI,9460
SOSNOWSKI,9369
SKIBA,9356
KOWAL,9329
LEŚNIAK,9289
MAJCHRZAK,9281
MAJ,9277
JÓŹWIAK,9262
URBAN,9187
ŚLIWIŃSKI,9101
MAŁECKI,9073
SOCHA,9024
MAREK,9003
DOMAGAŁA,8979
BEDNARCZYK,8961
KASPRZAK,8818
WRONA,8809
DOBROWOLSKI,8775
PAJĄK,8710
MATUSZEWSKI,8708
MICHALIK,8707
RATAJCZAK,8636
OLEJNICZAK,8579
ORZECHOWSKI,8535
WILCZYŃSKI,8509
ROMANOWSKI,8493
ŚWIĄTEK,8483
KUROWSKI,8457
OLEJNIK,8295
GRZELAK,8279
ŁUKASIK,8262
ROGOWSKI,8259
OWCZAREK,8229
MAZURKIEWICZ,8221
BUKOWSKI,8201
SROKA,8157
SOBOLEWSKI,8111
BARAŃSKI,8064
KOSIŃSKI,8055
KĘDZIERSKI,8009
RYBAK,7935
MARSZAŁEK,7934
ZYCH,7923
BEDNARZ,7915
SOBCZYK,7832
SKOWROŃSKI,7815
MATUSIAK,7805
MARCINKOWSKI,7801
LISOWSKI,7757
CHRZANOWSKI,7756
KOZIEŁ,7746
ŚWIDERSKI,7722
KASPRZYK,7668
BEDNARSKI,7654
BIAŁEK,7630
PLUTA,7582
WITEK,7573
KWIECIEŃ,7556
KUCZYŃSKI,7549
GRZYBOWSKI,7501
PALUCH,7498
JANISZEWSKI,7482
TUREK,7475
CHMIEL,7472
MUSZYŃSKI,7469
CZAJKA,7456
JĘDRZEJEWSKI,7455
MORAWSKI,7431
MARCZAK,7426
MAŁEK,7330
MARZEC,7307
KACZOR,7301
ŚLIWA,7265
ŻUKOWSKI,7260
KUBICKI,7253
CZAJA,7241
PIEKARSKI,7234
CZECH,7174
SZCZĘSNY,7162
OSIŃSKI,7108
PRZYBYSZ,7079
KRZEMIŃSKI,7068
KULESZA,7058
JANOWSKI,7052
STEFANIAK,7042
GOŁĘBIEWSKI,7037
BIERNACKI,7012
LECH,6968
RAK,6952
SMOLIŃSKI,6950
SZYDŁOWSKI,6940
STANISZEWSKI,6917
LEWICKI,6914
SERAFIN,6909
BANACH,6908
KUJAWA,6898
MICHAŁOWSKI,6895
CIEŚLIK,6888
GÓRA,6887
KACPRZAK,6863
MURAWSKI,6859
POPŁAWSKI,6842
STACHOWIAK,6808
PIETRZYK,6786
DĘBSKI,6782
RUDNICKI,6767
PIĄTKOWSKI,6736
ŻUREK,6733
GÓRNY,6675
GÓRKA,6672
BANAŚ,6661
ZAWADA,6660
NIEMIEC,6658
KARCZEWSKI,6643
PODGÓRSKI,6634
MATYSIAK,6617
ŻURAWSKI,6603
SOWIŃSKI,6581
KLIMCZAK,6578
CZYŻ,6571
GOŁĘBIOWSKI,6548
ROSIŃSKI,6531
BIENIEK,6502
KUŚ,6488
DROZD,6435
GRUSZKA,6434
GODLEWSKI,6432
SKRZYPCZAK,6409
AUGUSTYNIAK,6406
KRAWIEC,6393
GROCHOWSKI,6371
PANEK,6357
PTAK,6353
PRZYBYŁA,6322
GIL,6257
KOMOROWSKI,6241
WINIARSKI,6215
RÓŻAŃSKI,6206
KONOPKA,6199
SIWEK,6145
SŁOWIK,6142
CYBULSKI,6141
KULIK,6106
LEŚNIEWSKI,6098
GRZYB,6075
SZCZEPANIK,6074
KŁOS,6061
KRZYŻANOWSKI,6061
CICHOŃ,6032
ZARZYCKI,6018
ZAREMBA,6008
GRACZYK,5995
TOKARSKI,5988
MIELCZAREK,5973
KACZYŃSKI,5959
MŁYNARCZYK,5945
MIKOŁAJCZAK,5919
STAŃCZYK,5882
STRZELECKI,5878
CICHOCKI,5876
SZOSTAK,5876
SZYMCZYK,5876
BUCZEK,5874
BIERNAT,5853
WĘGRZYN,5852
JUREK,5837
MAĆKOWIAK,5795
SZCZYGIEŁ,5788
SKOWRON,5786
GĄSIOR,5783
BARTKOWIAK,5781
JANUS,5779
BOGUSZ,5750
CIEŚLA,5725
FILIPIAK,5722
GAWRON,5718
KALETA,5685
JANIAK,5672
NIEWIADOMSKI,5657
KUCHARCZYK,5638
RZEPKA,5635
KULA,5630
KOSTRZEWA,5628
KUBIK,5624
PAŁKA,5618
KSIĄŻEK,5603
RAKOWSKI,5600
BAGIŃSKI,5587
SIENKIEWICZ,5578
GAWLIK,5563
RÓŻYCKI,5532
ANTCZAK,5486
FRĄCZEK,5478
BARTCZAK,5477
MALEC,5470
ZARĘBA,5469
BANASIAK,5422
TRZCIŃSKI,5411
ŻEBROWSKI,5391
KRÓLIKOWSKI,5388
ROGALSKI,5370
DŁUGOSZ,5356
HAJDUK,5354
MIKULSKI,5335
ROGALA,5314
ROJEK,5269
LACH,5264
BOREK,5259
TKACZYK,5251
KISIEL,5248
GRZEGORCZYK,5238
TROJANOWSKI,5224
GAWROŃSKI,5208
STEC,5205
WITCZAK,5190
DOBOSZ,5184
MALISZEWSKI,5179
WĄSIK,5167
WOLNY,5165
RYBICKI,5162
RADOMSKI,5142
ŚLUSARCZYK,5137
MIKA,5101
KMIECIK,5045
BIAŁAS,5042
ZABOROWSKI,5037
PAWELEC,5020
GAŁĄZKA,5017
WALKOWIAK,5011
GRZESIAK,5010
KACZOROWSKI,5007
BOGUCKI,4990
LIPSKI,4987
SOKÓŁ,4982
FRANKOWSKI,4959
WNUK,4959
FRĄCKOWIAK,4958
BOCHENEK,4933
CICHY,4932
KARWOWSKI,4925
ZYGMUNT,4913
KWAŚNIEWSKI,4884
NAWROT,4869
WÓJCICKI,4868
ŻMUDA,4866
WIĘCKOWSKI,4865
JUSZCZAK,4844
DUDZIŃSKI,4833
JANAS,4812
PIETRAS,4805
GAWEŁ,4796
MROCZEK,4776
PASTERNAK,4759
SKRZYPEK,4747
LASOTA,4739
ROSIAK,4739
WOJTCZAK,4733
ŁAPIŃSKI,4729
KOŁODZIEJSKI,4728
JĘDRZEJCZYK,4725
MISIAK,4722
WROŃSKI,4713
KARAŚ,4709
PIÓRKOWSKI,4709
KRYSIAK,4705
BURZYŃSKI,4704
BUJAK,4702
FIJAŁKOWSKI,4702
DĄBEK,4685
CZYŻEWSKI,4679
GRUSZCZYŃSKI,4669
KUBACKI,4669
PIWOWARCZYK,4645
GUTOWSKI,4638
MASŁOWSKI,4612
SOŁTYS,4606
BOROWIEC,4605
SZAFRAŃSKI,4605
JAGODZIŃSKI,4590
ŁUKASZEWSKI,4586
STELMACH,4583
KAŁUŻNY,4580
ZAJĄCZKOWSKI,4574
TARNOWSKI,4573
JAGIEŁŁO,4565
ZIELONKA,4563
CEBULA,4547
ŁUKASIEWICZ,4543
LISIECKI,4542
BIELAWSKI,4540
KAŁUŻA,4539
WOŹNY,4533
CYGAN,4532
PILARSKI,4518
KRAKOWIAK,4514
JURKIEWICZ,4512
SKIBIŃSKI,4503
SKOCZYLAS,4491
DRZEWIECKI,4487
SZCZEŚNIAK,4486
WILCZEK,4485
FALKOWSKI,4481
PAKUŁA,4480
BOBER,4467
FILIPEK,4466
JĘDRZEJCZAK,4463
KĘDZIORA,4440
SOBIERAJ,4436
JAKUBIAK,4424
GĄSIOROWSKI,4419
STRZELCZYK,4415
DĘBOWSKI,4413
TWARDOWSKI,4401
FLIS,4396
RACZYŃSKI,4371
KUBICA,4356
GOŁĄB,4348
WASIAK,4348
MIERZEJEWSKI,4346
STANEK,4332
GUZIK,4322
GÓRNIAK,4317
GÓRAL,4313
WIĘCEK,4312
BARTOSIK,4297
KULIG,4297
MAJCHER,4293
WOLAK,4291
MATUSZAK,4254
MOTYKA,4246
DROZDOWSKI,4240
GRZYWACZ,4236
SZWED,4235
BILSKI,4230
RUSIN,4230
NOWACZYK,4222
CHOLEWA,4216
CZAPLA,4206
BURY,4204
DZIUBA,4202
WOJTAS,4190
STOLARCZYK,4189
FLOREK,4184
KOPCZYŃSKI,4180
KRUPIŃSKI,4175
PACZKOWSKI,4175
URBAŃCZYK,4175
PYTEL,4164
KASZUBA,4159
JAŚKIEWICZ,4148
MICHAŁEK,4148
PROKOP,4131
KUC,4128
GWÓŹDŹ,4127
MISZTAL,4124
RUCIŃSKI,4120
MALICKI,4114
DUBIEL,4106
BIELAK,4105
ZAGÓRSKI,4100
ANDRZEJCZAK,4099
JANKOWIAK,4093
BIAŁY,4087
STASZEWSKI,4075
BOŻEK,4074
CISZEWSKI,4069
SIEDLECKI,4062
KUCHTA,4061
SŁOWIŃSKI,4061
KĘPA,4049
MODZELEWSKI,4048
ŚWIERCZYŃSKI,4046
PARTYKA,4045
KACZMARSKI,4043
PŁONKA,4043
SKÓRA,4040
ZWOLIŃSKI,4032
JANUSZ,4031
BIEŃKOWSKI,4025
GAŁKA,4021
SIERADZKI,4017
KAPUSTA,4006
MILCZAREK,4003
STACHURA,3984
JURKOWSKI,3983
SOCHACKI,3979
SZYSZKA,3966
SŁAWIŃSKI,3965
SZCZERBA,3965
JEZIERSKI,3963
STĘPNIAK,3961
PAWLIKOWSKI,3958
SITEK,3946
JACKOWSKI,3928
WOŚ,3923
KOLASA,3918
IWAŃSKI,3910
ROSA,3908
OLCZAK,3906
CHMURA,3905
LIPKA,3902
DUDZIK,3894
MROCZKOWSKI,3891
MAŃKOWSKI,3880
MAJKA,3879
MAŚLANKA,3877
KNAPIK,3874
BRODA,3872
DEC,3870
KWIECIŃSKI,3868
SKALSKI,3859
NOGA,3852
SZATKOWSKI,3829
TRZECIAK,3819
KOZA,3811
KITA,3809
KOGUT,3803
TOKARZ,3801
SALAMON,3796
FLORCZAK,3788
CHOJNOWSKI,3784
KOWALCZUK,3783
DUDZIAK,3780
MOLENDA,3773
WYSZYŃSKI,3773
MROZEK,3770
DOBRZYŃSKI,3768
STANISŁAWSKI,3768
LENART,3764
WŁODARSKI,3761
PASZKOWSKI,3760
KIEŁBASA,3758
MICHALCZYK,3757
PUCHALSKI,3757
KOTOWSKI,3754
SKOWRONEK,3753
KOBUS,3751
KOŁAKOWSKI,3750
KRUSZEWSKI,3744
BUCZYŃSKI,3743
ZDUNEK,3741
JANUSZEWSKI,3722
KAWA,3704
CHUDY,3701
DOMINIAK,3701
ŻUK,3697
CZECHOWSKI,3684
WARCHOŁ,3670
GRZESIK,3666
ADAMUS,3660
ADAMCZAK,3658
PILCH,3655
PIECHOTA,3654
ROBAK,3652
AUGUSTYN,3640
KOS,3638
KŁOSOWSKI,3629
MACIĄG,3629
ADAMEK,3625
WIĄCEK,3621
STOLARSKI,3614
GŁOGOWSKI,3611
CHUDZIK,3609
JAGIELSKI,3607
RYŚ,3603
JURCZAK,3602
BĄKOWSKI,3599
KOPER,3590
PRZYBYŁ,3587
KALISZ,3585
FILIPOWICZ,3582
ŻYŁA,3582
BANASIK,3581
TOMALA,3574
SURMA,3572
KUŹMA,3565
JARZĄBEK,3564
MARCHEWKA,3564
NIEDŹWIECKI,3562
RUDZIŃSKI,3562
PORĘBSKI,3558
KASPEREK,3556
BUDZYŃSKI,3545
DĄBKOWSKI,3545
STAŃCZAK,3540
OLEKSY,3531
SOŁTYSIAK,3522
RUDNIK,3521
PIŁAT,3516
KANIEWSKI,3513
NIEMCZYK,3507
KOPACZ,3506
WYPYCH,3505
JAROS,3502
BUCZKOWSKI,3500
PRUS,3497
ZIĘTEK,3497
MALIK,3493
GADOMSKI,3492
GORCZYCA,3490
MIŚKIEWICZ,3486
MOSKAL,3486
TRACZ,3466
SZELĄG,3463
GOLEC,3454
KUCIŃSKI,3449
BARTNIK,3448
TRELA,3432
DRABIK,3431
WOLIŃSKI,3422
BALCERZAK,3421
KORZENIOWSKI,3420
SOJKA,3417
KRUCZEK,3403
BŁASZCZAK,3393
GŁĄB,3389
WARZECHA,3389
RYBARCZYK,3386
SZYMKOWIAK,3383
STACHOWICZ,3381
PIOTROWICZ,3379
DRÓŻDŻ,3378
MAGIERA,3378
ZABŁOCKI,3376
SĘK,3374
STACHURSKI,3372
OSSOWSKI,3369
ŚLĘZAK,3368
KUJAWSKI,3366
RADECKI,3366
FRĄTCZAK,3361
PIETRUSZKA,3360
PELC,3357
BUDZIŃSKI,3356
JURCZYK,3356
ADAMIAK,3353
RUDZKI,3353
BIAŁKOWSKI,3342
LESIAK,3330
SZUBA,3329
ZIMNY,3321
KMIEĆ,3315
NIEDZIELSKI,3310
KULIŃSKI,3309
WOŹNICA,3307
KOZIK,3306
KRAKOWSKI,3303
KOSTECKI,3302
BIELSKI,3300
PEŁKA,3296
KOSOWSKI,3294
MIERZWA,3291
ŚWIDER,3291
ROMAN,3286
GRUDZIEŃ,3282
BIELIŃSKI,3281
OLCZYK,3280
TOMASIK,3274
BANASZEK,3272
SKORUPA,3270
SOBOTA,3270
ADAMOWICZ,3268
POLAŃSKI,3265
WOJTASIK,3263
STAWICKI,3254
GUT,3253
PAWLICKI,3249
WOŁOSZYN,3249
FURMAN,3247
GRZEŚKOWIAK,3246
SOBAŃSKI,3240
SEKUŁA,3239
URBANEK,3234
CZEKAJ,3228
ŚMIGIELSKI,3221
KAWECKI,3214
POGORZELSKI,3205
ROMANIUK,3199
PIWOWARSKI,3185
MILLER,3183
URBANOWICZ,3173
CZERNIAK,3169
TOKARCZYK,3165
WOJTKOWIAK,3165
LITWIN,3161
LORENC,3153
PIĘTKA,3151
BOGACZ,3149
KĘDZIOR,3141
LISZKA,3140
SZWARC,3133
ŻUCHOWSKI,3133
BISKUP,3132
KRASOWSKI,3128
JUSZCZYK,3126
KNAP,3125
ŚWIĄTKOWSKI,3123
MAKUCH,3117
SZAREK,3115
SZOT,3111
WIŚNIOWSKI,3111
NAPIERAŁA,3107
RATAJCZYK,3106
GRUDZIŃSKI,3103
GACEK,3102
IZDEBSKI,3101
KRUKOWSKI,3097
ROSZKOWSKI,3096
STUDZIŃSKI,3079
ŚLEDŹ,3077
KAWKA,3070
KWIATEK,3065
MACKIEWICZ,3063
HERMAN,3059
KARCZ,3057
SIWIEC,3047
MAŃKA,3046
JAKUBCZYK,3043
JÓŹWIK,3034
KUKLA,3033
PAPROCKI,3029
ROSZAK,3019
RYBKA,3016
KUSIAK,3009
ROŻEK,3009
WOJDA,3003
ŁUKASZEWICZ,3001
MAZIARZ,2999
DUSZYŃSKI,2997
BOBROWSKI,2992
JEZIORSKI,2992
RESZKA,2991
BORYS,2989
ALEKSANDROWICZ,2985
TKACZ,2982
GRZYBEK,2971
RUSEK,2970
TUROWSKI,2966
SMOLEŃ,2955
KRASZEWSKI,2954
ŚPIEWAK,2952
FILIP,2950
WACH,2949
MAŁKOWSKI,2943
SIDOR,2942
SZKUDLAREK,2941
WRZESIŃSKI,2937
KORCZAK,2936
MIELCAREK,2932
SZELIGA,2931
NIEDZIELA,2928
SZOPA,2922
KRUSZYŃSKI,2918
KORZENIEWSKI,2915
GRODZKI,2914
HOFFMANN,2914
KRÓLAK,2910
SZCZUREK,2910
WERNER,2910
KĘPKA,2906
WAJDA,2905
PĘKALA,2898
STASZAK,2898
DROŻDŻ,2894
KOSMALA,2892
GRABARCZYK,2891
BUGAJSKI,2885
OLECH,2882
PIECH,2881
SZYMANEK,2876
GĄSIOREK,2872
MAJKOWSKI,2872
KULPA,2869
RZEPECKI,2865
PLICHTA,2863
LEWIŃSKI,2862
SUSKI,2861
GOLA,2859
LIPIEC,2857
PERKOWSKI,2857
BARTOSZEK,2843
KAPUŚCIŃSKI,2843
BOGDAŃSKI,2840
JAKUBIEC,2838
KURZAWA,2837
SKONIECZNY,2832
RADZISZEWSKI,2828
ROGOZIŃSKI,2821
KOKOSZKA,2814
RODAK,2803
SUCHECKI,2797
WASIELEWSKI,2796
ORZEŁ,2795
SUŁKOWSKI,2794
WOJTOWICZ,2789
WRZOSEK,2788
OLSZAK,2786
RACZKOWSKI,2786
PISZCZEK,2783
DYMEK,2782
OŻÓG,2781
ROKICKI,2781
SZPAK,2780
PASZKIEWICZ,2779
PISAREK,2779
LANGE,2778
KUPIEC,2776
KAŹMIERSKI,2774
SCHMIDT,2774
WIELGUS,2768
ADAMIEC,2763
KOZAKIEWICZ,2759
KOKOT,2754
JANCZAK,2753
KAWALEC,2750
GOLIŃSKI,2749
GOŁĄBEK,2748
ZAPAŁA,2746
WYRZYKOWSKI,2744
GŁADYSZ,2742
RÓG,2742
OSOWSKI,2740
STOKŁOSA,2734
JASKULSKI,2732
BUGAJ,2729
BRODOWSKI,2727
BARSZCZ,2725
BANASZAK,2722
BIAŁECKI,2719
WOJTASZEK,2719
BIELA,2718
CHROBAK,2717
ŚWIERCZEK,2711
ROMAŃSKI,2710
BRZESKI,2707
MATUSIK,2707
SZYMANOWSKI,2707
BOJARSKI,2706
KOPROWSKI,2705
GARBACZ,2703
MACH,2701
LASEK,2695
KONARSKI,2693
MĄCZKA,2693
PLEWA,2692
POTOCKI,2692
GRUCA,2691
PIERZCHAŁA,2687
SUDOŁ,2685
NOWIŃSKI,2683
SOLECKI,2683
SMOLAREK,2682
KAROLAK,2679
LOREK,2678
KOCHAŃSKI,2677
GABRYŚ,2676
KOSTKA,2668
PŁATEK,2663
BALICKI,2662
SZCZYGIELSKI,2660
PISKORZ,2658
KALIŃSKI,2657
AMBROZIAK,2655
JAMRÓZ,2654
SUROWIEC,2651
WASZKIEWICZ,2651
PUCHAŁA,2645
CZARNOTA,2644
ŁACH,2644
TRACZYK,2643
BILIŃSKI,2641
PIECHOCKI,2640
PANASIUK,2633
PASZEK,2627
SALA,2627
DZIKOWSKI,2621
KOLASIŃSKI,2615
WÓJCIAK,2615
BURDA,2614
WŁOCH,2612
ŚWITAŁA,2610
ZBOROWSKI,2610
BUREK,2609
PASEK,2606
WDOWIAK,2604
NGUYEN,2603
PIĘTA,2603
WAGNER,2602
KEMPA,2598
OKOŃ,2598
BIEL,2597
BARON,2596
BERNAT,2591
WALCZYK,2591
DOLATA,2588
SZYMANIAK,2587
MĄDRY,2585
GRELA,2584
KRAUZE,2583
BŁOŃSKI,2575
BATOR,2573
OLEŚ,2572
SKWAREK,2572
ZAWISTOWSKI,2572
WACHOWIAK,2569
STACHOWSKI,2568
FIGURA,2567
JAROSZEWSKI,2565
MODRZEJEWSKI,2564
STENCEL,2563
OSUCH,2561
ADAMCZEWSKI,2558
OGÓREK,2557
CIOŁEK,2552
DZIURA,2552
KAPICA,2550
FERENC,2549
ZARĘBSKI,2546
GAZDA,2541
GÓRALCZYK,2541
FRANCZAK,2540
CICHOSZ,2538
JEDYNAK,2538
ŁOŚ,2538
MULARCZYK,2538
STĘPNIEWSKI,2537
MIŚ,2535
MROWIEC,2535
WĄSOWSKI,2535
WEBER,2535
WALIGÓRA,2534
PARADOWSKI,2529
GROBELNY,2527
PÓŁTORAK,2527
LACHOWICZ,2523
KOŚCIELNIAK,2522
MIECZKOWSKI,2522
DUTKIEWICZ,2521
ĆWIK,2518
DOLIŃSKI,2516
KOŁODZIEJCZAK,2514
BOGDAN,2513
BROŻEK,2513
KWAŚNY,2510
MYŚLIWIEC,2508
MAJDA,2506
OZGA,2506
GRABSKI,2505
JASKÓLSKI,2505
KOZYRA,2505
GRYGIEL,2502
NADOLNY,2502
ŁAWNICZAK,2501
ZAWISZA,2501
KOZERA,2500
BARTNICKI,2498
DRĄG,2498
GAŁECKI,2497
WIELGOSZ,2491
BOROŃ,2488
MELNYK,2485
MŁYNARSKI,2484
BERNACKI,2479
KLIMAS,2479
KRASKA,2479
LEMAŃSKI,2479
KOCHANOWSKI,2478
KOZICKI,2478
KULAS,2475
WNĘK,2474
GAJ,2473
NALEPA,2469
SZWEDA,2468
KULIKOWSKI,2466
MIREK,2464
SITKO,2460
CZUBA,2458
BIEŃ,2456
STOPA,2456
KOSTRZEWSKI,2455
SZADKOWSKI,2455
SZCZEPANEK,2453
NADOLSKI,2452
SOBOŃ,2448
TABOR,2447
WINNICKI,2447
ĆWIKLIŃSKI,2444
KĄKOL,2443
FLAK,2441
PRZYBYSZEWSKI,2439
CZAPLIŃSKI,2437
SKORUPSKI,2434
WYDRA,2432
SPYCHAŁA,2431
RYBA,2429
SZAFRAN,2429
GLIŃSKI,2427
GALIŃSKI,2419
BARTOSIEWICZ,2417
TYMIŃSKI,2414
FILIPCZAK,2411
FIGIEL,2410
BŁAŻEJEWSKI,2408
KREFT,2408
PORĘBA,2407
NIEZGODA,2404
KLUSKA,2403
PASTUSZKA,2403
SARNOWSKI,2401
BŁASZKIEWICZ,2396
MORAWIEC,2393
JANECZEK,2392
BARTKOWSKI,2387
ANTONIAK,2385
MACHNIK,2385
WĘGLARZ,2385
WALAS,2383
TURSKI,2382
PAJOR,2381
KLIMASZEWSKI,2380
SOBOCIŃSKI,2375
BUDNY,2374
PIETRZYKOWSKI,2374
GAJEK,2372
WCISŁO,2371
BUDA,2370
ŚWIERCZ,2367
DOBRZAŃSKI,2365
ŁAKOMY,2364
KRÓLIK,2363
ZASADA,2362
ŁUGOWSKI,2357
WISZNIEWSKI,2356
NOSAL,2355
ŚLIWKA,2354
RYCHLIK,2350
GALAS,2348
IWANOWSKI,2347
MUSIOŁ,2347
ZAWIŚLAK,2341
GUZ,2337
RUMIŃSKI,2337
GIZA,2335
SŁOMIŃSKI,2334
IWANICKI,2332
KAZIMIERCZAK,2331
GOŁASZEWSKI,2327
MATCZAK,2327
SEWERYN,2327
RYBIŃSKI,2324
KRAUSE,2321
WIERZCHOWSKI,2321
GAŁUSZKA,2314
WILCZEWSKI,2313
MIKUŁA,2312
BRYŁA,2307
FURTAK,2307
MARCZEWSKI,2307
ZIOMEK,2306
KLONOWSKI,2303
GOLONKA,2301
RYBACKI,2300
TUSZYŃSKI,2298
SZCZOTKA,2297
BOJANOWSKI,2296
SŁOMKA,2296
SMYK,2296
CHOJECKI,2295
PIEŃKOWSKI,2293
ROKITA,2293
CZAPIEWSKI,2292
MIZERA,2289
JACKIEWICZ,2288
MARCINKIEWICZ,2287
SZOSTEK,2287
DUSZA,2285
MAKAREWICZ,2285
RADZIKOWSKI,2284
MISZCZAK,2283
JOŃCZYK,2282
KALBARCZYK,2281
KOŁACZ,2281
GÓRALSKI,2280
TRUSZKOWSKI,2278
PILARCZYK,2277
PODSIADŁO,2277
KALITA,2276
SZUBERT,2275
KASPERSKI,2273
KORNACKI,2267
BOROWIAK,2265
OLENDER,2265
WASZAK,2260
KOMAR,2259
GĄSKA,2258
PIEKARZ,2256
CHYLIŃSKI,2253
KŁOSIŃSKI,2253
DOMAGALSKI,2252
LEWCZUK,2252
RĄCZKA,2250
SOBCZYŃSKI,2249
STRZAŁKOWSKI,2249
BABIARZ,2244
NAPIÓRKOWSKI,2239
DANIEL,2237
MOROZ,2235
WACHOWSKI,2235
BĄCZEK,2234
LUDWICZAK,2233
FRANKIEWICZ,2231
RADWAŃSKI,2229
TARKA,2229
WILIŃSKI,2228
MASTALERZ,2227
IWAN,2223
KRZAK,2223
KOBYLIŃSKI,2222
RAKOCZY,2221
TOPOLSKI,2219
MAŁOLEPSZY,2218
KLOC,2217
NYCZ,2217
MACHOWSKI,2214
SUCHOCKI,2211
TROJAN,2210
PIWOWAR,2204
KRASUSKI,2203
GREGORCZYK,2200
KOZIŃSKI,2197
DREWNIAK,2196
MARKOWICZ,2196
SITARZ,2196
ZIEMBA,2196
DUL,2194
PISARSKI,2194
DAWIDOWSKI,2193
DWORAK,2189
MACIASZEK,2187
ANTKOWIAK,2185
KIELAR,2182
RYDZEWSKI,2181
PATER,2180
GWIAZDA,2179
MALCZEWSKI,2175
WOJDYŁA,2173
BACZYŃSKI,2172
JELEŃ,2171
OSIECKI,2168
GĄDEK,2167
NEUMANN,2167
JEŻ,2166
SOSIŃSKI,2166
STAROŃ,2164
TRZASKA,2164
SZEWCZUK,2160
DAWID,2159
KLEIN,2153
WOJTKOWSKI,2153
MOTYL,2151
OSTASZEWSKI,2150
CZUBAK,2147
POPIOŁEK,2147
MILER,2146
DĘBICKI,2142
MATUSZCZAK,2136
CHOWANIEC,2135
IWANIUK,2133
KUSZ,2133
OGRODNIK,2133
SAKOWSKI,2133
CZERWONKA,2132
SZAFRANIEC,2132
CIEŚLIŃSKI,2127
MATYJA,2124
SZLACHTA,2124
PLUCIŃSKI,2122
JARECKI,2119
SYNOWIEC,2119
ŁUCZYŃSKI,2117
KULIGOWSKI,2116
MOSKWA,2116
ZALESKI,2114
CYRAN,2113
MAJER,2113
WIATR,2113
BLOCH,2112
ZATORSKI,2112
MĄKA,2107
BADURA,2105
CZARNY,2105
KUDŁA,2105
ZAŁĘSKI,2101
KONDRACKI,2099
PUZIO,2099
SARNA,2095
WOJNOWSKI,2094
JAKUBCZAK,2093
KARBOWSKI,2090
BOGACKI,2089
MIELNIK,2082
DUDKIEWICZ,2081
ROZMUS,2081
SĘKOWSKI,2081
POPEK,2080
SAGAN,2079
RUSINEK,2075
CHRUŚCIEL,2074
DEPTUŁA,2070
BAŁDYGA,2069
GANCARZ,2068
MATEJA,2068
KOSIOR,2067
KUPCZYK,2067
SEMENIUK,2066
BĘBEN,2065
BORECKI,2065
MROZIŃSKI,2065
BOCHEŃSKI,2060
WIDERA,2059
KARASIŃSKI,2058
STACH,2058
BOROWICZ,2057
TRAWIŃSKI,2057
GRZEGORZEWSKI,2056
SZMIDT,2056
PRZYGODA,2055
SUCHODOLSKI,2054
KUNICKI,2053
KOSIOREK,2052
STRZELEC,2052
MIKOŁAJEWSKI,2049
WĄSOWICZ,2048
MIROWSKI,2047
PACIOREK,2047
KWAŚNIAK,2044
KĘPIŃSKI,2042
MYSZKA,2042
WOLAŃSKI,2041
FRYDRYCH,2039
GAJOS,2039
KRAWCZYŃSKI,2039
BOGDANOWICZ,2037
RATAJ,2037
PYKA,2036
SIUDA,2036
JELONEK,2035
POZNAŃSKI,2034
KARWACKI,2032
CZAPSKI,2031
BORUCKI,2027
KLIŚ,2027
MADEJSKI,2026
SAJDAK,2024
WOJNAROWSKI,2023
JÓZEFOWICZ,2022
SIWAK,2019
BIEGAŃSKI,2016
NIEDŹWIEDŹ,2015
PŁACZEK,2015
GROMEK,2014
OGONOWSKI,2013
BOROWIECKI,2011
KROK,2010
TOBIASZ,2010
CZAPLICKI,2008
BARCZYK,2006
DYLEWSKI,2004
ŻELAZNY,2002
JEŻEWSKI,2001
ŁĄCKI,2000
JANIEC,1998
KUNA,1998
FABISIAK,1996
ŁUKOMSKI,1995
FORMELA,1993
PIRÓG,1990
OLEKSIAK,1987
BOGUSZEWSKI,1986
KOTARSKI,1984
KUTA,1983
RUSZKOWSKI,1983
PANKOWSKI,1982
KOSSAKOWSKI,1980
KURKOWSKI,1980
BARTOSIAK,1979
PODOLSKI,1979
WĄS,1979
HOFMAN,1977
KUŁAKOWSKI,1977
SZNAJDER,1976
STARZYŃSKI,1975
MYSZKOWSKI,1974
ZDROJEWSKI,1974
MROZIK,1973
ĆWIEK,1971
ŁYSIAK,1971
SOBKOWIAK,1969
KRASOŃ,1968
KUBALA,1968
CABAN,1965
KORCZYŃSKI,1961
ZAJKOWSKI,1960
PIENIĄŻEK,1959
ZDANOWICZ,1956
MISIEWICZ,1955
KOTOWICZ,1954
SZUMSKI,1953
BAŃKOWSKI,1950
KUŹMIŃSKI,1950
GUZEK,1947
ROLA,1947
KASPROWICZ,1946
RACHWAŁ,1945
TWOREK,1945
WIKTOR,1945
STADNIK,1944
HAŁAS,1943
KOCUR,1943
LACHOWSKI,1942
OLESIŃSKI,1939
JAROCKI,1938
GÓRZYŃSKI,1937
WLAZŁO,1936
GLINKA,1933
PACEK,1933
JASKUŁA,1932
KISIELEWSKI,1931
OLESZCZUK,1931
JANKIEWICZ,1929
KOC,1929
BAJOR,1928
TARKOWSKI,1926
BIELICKI,1925
ŁATA,1924
POKORSKI,1924
WIERZBOWSKI,1924
ZADROŻNY,1922
SROCZYŃSKI,1921
PRZYBYŁEK,1919
LISEK,1918
LUBIŃSKI,1918
WALKIEWICZ,1917
NOCOŃ,1914
ZIAJA,1912
JANIKOWSKI,1910
POŚPIECH,1910
SKUPIEŃ,1910
BRYK,1909
PISKORSKI,1909
KAWCZYŃSKI,1908
KRASIŃSKI,1908
GŁOWACZ,1907
KOŁEK,1906
DAWIDOWICZ,1905
KILIAN,1905
PACH,1902
BOCIAN,1901
MARCZYK,1901
NYKIEL,1900
PIECHOWIAK,1900
BOGUSŁAWSKI,1899
SAWCZUK,1899
WOJEWODA,1898
ŻMIJEWSKI,1898
KUPIS,1897
TOMASZEK,1896
GUZOWSKI,1895
ZAJDEL,1895
SKRZYŃSKI,1894
WYSOKIŃSKI,1894
SKRZYPIEC,1893
RZEŹNIK,1891
STAWSKI,1891
KUŹNIAR,1890
MATUSZEK,1890
ŻOCHOWSKI,1889
KOCH,1887
KUPCZAK,1885
RYBCZYŃSKI,1884
JACH,1883
KICIŃSKI,1882
ZWIERZCHOWSKI,1882
LABUDA,1881
MAĆKOWSKI,1881
MITURA,1879
GONDEK,1878
MROZOWSKI,1876
PTASZYŃSKI,1874
NOWOSIELSKI,1873
SAMBORSKI,1873
GŁUCHOWSKI,1872
CHOIŃSKI,1871
NOSEK,1870
OLEK,1870
KUBAS,1869
KARPOWICZ,1866
DZIK,1863
DZIĘCIOŁ,1862
KULKA,1860
ŁUKASIAK,1860
OZIMEK,1859
ŁUKAWSKI,1857
JODŁOWSKI,1855
CYWIŃSKI,1854
MIELEWCZYK,1850
STANKOWSKI,1850
SŁOWIKOWSKI,1849
MARCZUK,1848
POŁEĆ,1848
ROZWADOWSKI,1847
DRZAZGA,1846
WOJNAR,1845
CHOLEWIŃSKI,1844
ŻBIKOWSKI,1844
BORAWSKI,1841
PAWŁOWICZ,1841
SZMYT,1840
CISZEK,1838
SOJA,1838
ZABIELSKI,1838
CAŁKA,1837
HEBDA,1837
ROGUSKI,1837
SOBIERAJSKI,1837
ANIOŁ,1836
SOSNA,1836
SPYCHALSKI,1835
BUDNIK,1834
WOŹNICKI,1834
BOROWY,1833
ŁOBODA,1830
SZEWC,1829
BIEDRZYCKI,1828
GRABIEC,1828
ABRAMCZYK,1827
CISEK,1827
SŁOTA,1826
SUŁEK,1824
KUKLIŃSKI,1819
DOMINIK,1818
KUCZERA,1812
HINC,1810
PRZYBYLAK,1808
PLATA,1805
PŁACHTA,1804
ADAMCZUK,1803
KOZUB,1803
STAWARZ,1802
TABAKA,1802
GAWŁOWSKI,1801
BARCZAK,1799
KOBIELA,1799
KOPKA,1798
PIWOŃSKI,1797
GAWĘDA,1796
PAWLACZYK,1795
TARASIUK,1795
FORTUNA,1794
KNOP,1794
PIASKOWSKI,1793
WINKLER,1793
PATYK,1792
MACIEJCZYK,1791
JAKUBIK,1790
STARCZEWSKI,1789
KALISZEWSKI,1785
ROMAŃCZUK,1785
DURAJ,1784
GÓRCZYŃSKI,1784
SKUZA,1782
GIERSZEWSKI,1781
MOKRZYCKI,1781
FORNAL,1778
LISZEWSKI,1778
KĘDZIA,1775
WALICKI,1775
KURIATA,1774
LASKA,1773
PRZYBYŁO,1773
ROWIŃSKI,1773
PŁÓCIENNIK,1772
ROGULSKI,1771
DYBOWSKI,1770
KUŚNIERZ,1769
ABRAMOWICZ,1767
DZIĘGIELEWSKI,1767
WICHER,1766
FLORCZYK,1765
KĘDRA,1765
KOZIKOWSKI,1765
POLKOWSKI,1764
RYNKIEWICZ,1764
BANASZKIEWICZ,1763
POLOK,1762
GIBAS,1761
GUTKOWSKI,1760
WOJTYSIAK,1760
JANECKI,1758
POPIEL,1756
STAWIARSKI,1755
DĘBIŃSKI,1753
FILIPOWSKI,1749
KWAŚNIK,1749
MIŁEK,1749
DOPIERAŁA,1748
MELLER,1748
PŁUCIENNIK,1748
SIEMIŃSKI,1748
KULCZYCKI,1747
PAWEŁEK,1747
JASIAK,1744
CELIŃSKI,1742
DEPTA,1742
IGNACZAK,1742
WALASEK,1742
ADAMKIEWICZ,1739
MARCINEK,1739
POKORA,1739
SWOBODA,1739
WIATROWSKI,1739
PAWLUS,1738
PIECUCH,1738
CZARNOWSKI,1737
KLIMOWICZ,1736
ŁADA,1735
ĆWIKŁA,1734
ŻACZEK,1733
SZCZĘCH,1731
JANUSZKIEWICZ,1730
BARSZCZEWSKI,1729
ŁUKOWSKI,1728
ZELEK,1727
ANDRZEJAK,1726
PIWKO,1723
CABAJ,1722
LEJA,1722
LUPA,1721
PIEKARCZYK,1721
WILKOWSKI,1721
KRYGIER,1720
MARTYNIUK,1717
BINKOWSKI,1716
POŹNIAK,1716
WARDA,1716
KOSEK,1715
SIEŃKO,1715
ZIENKIEWICZ,1715
MIAZGA,1714
OBARA,1714
SAŁATA,1712
FORYŚ,1711
BIŃKOWSKI,1710
FILA,1709
MOMOT,1709
SZEWCZAK,1709
DEMBIŃSKI,1707
GIERCZAK,1707
KALICKI,1707
WALASZCZYK,1707
JAROSIŃSKI,1706
KUFEL,1706
PUSTELNIK,1706
SOŁTYSIK,1706
BALIŃSKI,1705
PANKIEWICZ,1705
PNIEWSKI,1705
JUREWICZ,1703
MOSZCZYŃSKI,1703
CHRZĄSZCZ,1702
FRĄCKIEWICZ,1702
KUKUŁA,1702
MIODUSZEWSKI,1702
SOBALA,1702
ZDANOWSKI,1701
JANOWICZ,1700
SOBIECH,1700
KOWNACKI,1698
KLICH,1697
BADOWSKI,1696
KWAPISZ,1696
PIETRUCHA,1696
WSZOŁEK,1696
KLIMCZYK,1695
CHMIELECKI,1694
GOŁDA,1693
ŻABIŃSKI,1693
PLISZKA,1692
JASEK,1691
NIZIOŁEK,1691
ZAWADKA,1691
KRZEMIEŃ,1690
NARLOCH,1689
KACPERSKI,1688
STEFANOWSKI,1687
LENARTOWICZ,1686
TERLECKI,1686
KOŚCIELNY,1684
KOWALKOWSKI,1684
KRZYŻANIAK,1684
KOŻUCH,1682
ŚWITALSKI,1682
BONIECKI,1681
DANILUK,1681
MATYSEK,1680
CHLEBOWSKI,1677
GONTARZ,1677
MRUK,1677
SKRZYPCZYK,1677
KUR,1674
MOŚCICKI,1672
SAŁEK,1671
BIENIAS,1670
ZIOBRO,1670
BĄCZKOWSKI,1669
GŁUSZEK,1669
WOLANIN,1669
SASIN,1667
SZPAKOWSKI,1667
MAŁACHOWSKI,1666
OPALIŃSKI,1666
KAZIMIERSKI,1665
PIKUŁA,1665
CHUDZIŃSKI,1664
KLESZCZ,1664
KOŚMIDER,1664
SAMSEL,1664
BROŻYNA,1663
PIECHOWSKI,1662
PIELA,1661
SZMIT,1660
SKOTNICKI,1659
MLECZKO,1658
BARTOSZ,1657
SZYDŁO,1657
KORALEWSKI,1656
SAK,1656
FICEK,1654
JASIK,1654
CZERNIAWSKI,1653
GŁODEK,1651
SAS,1651
BARTOSZEWICZ,1650
BĘBENEK,1650
KASIŃSKI,1648
SOLARZ,1648
LIGĘZA,1647
GWIZDAŁA,1645
RYSZKA,1645
PAWEŁCZYK,1644
SARNECKI,1644
KUŁAGA,1641
KOPIEC,1640
GRABIŃSKI,1638
PARZYCH,1638
PEPLIŃSKI,1638
CZOP,1636
GAWRYŚ,1635
ISKRA,1635
ŚWIĘCICKI,1635
WANAT,1635
KLIMKIEWICZ,1634
OCHMAN,1633
STASIK,1632
NIEDBAŁA,1631
BAJER,1630
RUTA,1630
KAIM,1628
IDZIKOWSKI,1625
SIWIŃSKI,1624
IGNASIAK,1620
KRZYSZTOFIK,1620
PASIEKA,1620
CICHOWSKI,1618
URBANIK,1618
PIECHA,1617
SADŁOWSKI,1617
OKOŃSKI,1616
ROSTKOWSKI,1616
CIEŚLAR,1614
BAŃKA,1613
MANIA,1613
KŁAK,1612
LECHOWICZ,1612
ZDUŃCZYK,1611
RZEPA,1607
JURGA,1606
MICHALEC,1606
ORLIŃSKI,1606
SZYMBORSKI,1604
DRAB,1603
JAWOROWSKI,1603
ŚWINIARSKI,1602
OLEJARZ,1601
BARNAŚ,1599
KARWAT,1599
KOSAKOWSKI,1599
GÓRNIK,1598
KOVALCHUK,1598
MATKOWSKI,1598
DOMARADZKI,1597
KOSECKI,1597
PONIATOWSKI,1597
KONKOL,1596
PALKA,1596
POLAKOWSKI,1596
SYPNIEWSKI,1594
BIL,1593
SZYMURA,1593
BABIŃSKI,1592
JABŁONOWSKI,1592
MACIAK,1592
ORLIK,1592
ULATOWSKI,1592
DRAGAN,1591
GRAD,1591
BORZĘCKI,1590
ŻYDEK,1590
BOCZEK,1588
ROJEWSKI,1588
TARGOSZ,1587
GRUSZECKI,1586
JURASZEK,1586
KUŹNIK,1586
MAJCHROWSKI,1586
BŁASIAK,1585
SZCZĘŚNIAK,1585
WĄTROBA,1584
KIERZKOWSKI,1583
SŁABY,1582
BOMBA,1577
ŁOZIŃSKI,1576
PRUSAK,1576
PRZYBOROWSKI,1576
WINIARCZYK,1576
CIESZYŃSKI,1575
WILCZAK,1575
BASIŃSKI,1574
KACPRZYK,1574
KISZKA,1572
MACHAJ,1570
PORADA,1570
SADKOWSKI,1570
ZARZECKI,1570
CHĘCIŃSKI,1567
BRZÓSKA,1566
KRYŃSKI,1564
TYSZKA,1564
SPYRA,1563
CZARNIK,1562
SUSZEK,1560
JARZĄB,1558
PALIWODA,1558
BODNAR,1557
ŁUKASZCZYK,1557
MYŚLIŃSKI,1557
STEFANOWICZ,1557
GAWIN,1556
KANTOR,1556
KUSTRA,1555
DOMIN,1554
LEWKOWICZ,1554
SÓJKA,1552
JAGŁA,1551
KASPRZYCKI,1551
MUSIELAK,1551
GŁUCH,1549
MIERNIK,1549
TOCZEK,1549
BOCZKOWSKI,1548
JAGIEŁA,1548
KLEPACKI,1548
SKOCZEŃ,1548
KORYCKI,1547
ZĄBEK,1547
GIEMZA,1545
WOJTAŚ,1544
GRALAK,1543
KARBOWIAK,1543
MRÓWKA,1543
WIKTOROWICZ,1543
NIKIEL,1540
KRZYWDA,1539
WAWER,1538
PIETRASIK,1537
CICHECKI,1536
KĄDZIELA,1535
KĄDZIOŁKA,1535
MICKIEWICZ,1535
WACHOWICZ,1535
CHMIELOWIEC,1534
JASZCZUK,1534
NAPORA,1534
SOBIECKI,1534
WALA,1530
MOCZULSKI,1528
JARZYNA,1527
WRONKA,1527
BAŁA,1526
GALANT,1526
ŚWISTAK,1526
SUKIENNIK,1525
SKWARA,1524
JÓZEFIAK,1523
SUDER,1523
CZERNIK,1520
KOCOT,1520
BRZOSTEK,1517
PŁOTKA,1517
BYKOWSKI,1516
GĘBALA,1516
KALEMBA,1516
KLOCEK,1516
SUWAŁA,1516
LIPOWSKI,1515
GRALA,1514
TAŃSKI,1514
KOTECKI,1513
FIRLEJ,1512
GŁÓD,1512
OSIAK,1512
CHRZAN,1511
KACZMARZYK,1511
DUTKA,1509
KOCIOŁEK,1509
KUŚMIERCZYK,1509
SABAT,1509
STEFAŃCZYK,1508
CISOWSKI,1505
BRYL,1504
BIAŁOWĄS,1503
DYRDA,1502
KONIK,1502
KUŚMIERZ,1502
ŻYWICKI,1502
CIOSEK,1501
POGODA,1501
KOPERSKI,1496
POLOCZEK,1496
ORLIKOWSKI,1495
LANGNER,1494
BALCER,1493
JOPEK,1493
MNICH,1493
ANTOSIK,1491
PIETKIEWICZ,1491
PODOLAK,1491
RODZIEWICZ,1491
MAKSYMIUK,1490
PRZYTUŁA,1490
SŁOMSKI,1489
TYSZKIEWICZ,1489
DEJA,1487
WOJTALA,1487
ANDRUSZKIEWICZ,1483
BĘDKOWSKI,1482
PIÓRO,1482
SOROKA,1481
GOŁDYN,1480
KOTWICA,1480
PŁAZA,1480
PAWLUK,1479
SZYSZKO,1478
BOIKO,1477
CIECHANOWSKI,1476
SZMIGIEL,1476
SIWIK,1475
STAŚKIEWICZ,1475
ZYŚK,1475
BATKO,1474
PABIAN,1474
SOBOL,1474
DMOCHOWSKI,1473
KRZYWICKI,1473
RADZIK,1473
CZERNECKI,1471
WŁODARCZAK,1471
KRZYŻAK,1470
PACHOLSKI,1470
KRYSZTOFIAK,1469
BAJOREK,1468
FEDOROWICZ,1468
JAŃCZAK,1468
PIETRASZEK,1468
PIETRUSZEWSKI,1468
GINTER,1466
GRZESZCZAK,1466
SZERSZEŃ,1466
GRĄDZKI,1465
ŁĘCKI,1465
BOLEK,1464
PODSIADŁY,1463
ROKOSZ,1463
STRUZIK,1463
CHYŁA,1462
JAŻDŻEWSKI,1462
MĄCZYŃSKI,1462
MIOTK,1462
CHROSTOWSKI,1461
JAREK,1461
KASZA,1461
MICHNA,1461
ŻÓŁTOWSKI,1461
BUTKIEWICZ,1460
ANTONIUK,1458
BRZOZA,1458
KWIDZIŃSKI,1457
GODEK,1456
KRYNICKI,1456
KUŁAK,1456
KURZEJA,1456
PYTLIK,1456
TĘCZA,1455
ZAWIERUCHA,1454
PUDŁO,1453
KRET,1452
STARZYK,1452
TYCZYŃSKI,1451
MALCZYK,1450
DZIUBEK,1449
KARBOWNIK,1449
KOCIK,1449
PRZYWARA,1449
DEREŃ,1448
FISZER,1448
RAPACZ,1446
TALAGA,1446
OBRĘBSKI,1445
WASIK,1445
FILIPKOWSKI,1444
MISZCZUK,1444
SINGH,1444
KORCZ,1443
MIŁKOWSKI,1443
PAWELCZYK,1441
WOŁOWIEC,1441
KOTAS,1440
GORZKOWSKI,1439
BOROWIK,1438
KRUPSKI,1438
ŁASKI,1438
STAROSTA,1436
BARTOSZEWSKI,1435
ŚWIDEREK,1435
WEGNER,1435
GOŁAWSKI,1434
KUCZKOWSKI,1434
PAŁASZ,1434
PIEKUT,1434
TARNAWSKI,1434
WASILUK,1434
GOŹDZIK,1432
STANIK,1431
SADŁO,1430
PASZKO,1429
RUSIECKI,1429
ŁAGOWSKI,1426
BRZEZICKI,1425
BARYŁA,1422
STRZYŻEWSKI,1421
WASZCZUK,1421
WENTA,1421
KACZKOWSKI,1420
GRUBA,1419
KAPAŁA,1419
BARTKIEWICZ,1418
GÓŹDŹ,1418
PTASZEK,1418
WIERZBA,1418
IVANOV,1417
JEDLIŃSKI,1417
ZWIERZYŃSKI,1417
ŻABA,1417
KUKIEŁKA,1416
NIEWĘGŁOWSKI,1416
KUBIŃSKI,1415
NOWOSAD,1411
SZCZEPKOWSKI,1411
FRANCZYK,1410
NOWIK,1410
KURPIEWSKI,1408
MŁYŃSKI,1407
REGULSKI,1407
SZABLEWSKI,1407
JANCZEWSKI,1406
GÓRNICKI,1405
PTASIŃSKI,1403
LIPA,1402
SKOCZEK,1402
KMITA,1401
KOCOŃ,1401
KOSICKI,1401
NĘDZA,1401
SOBECKI,1400
GĘBSKI,1399
ŁOJEK,1399
ŻĄDŁO,1399
ROGACKI,1398
GUCWA,1397
ŻYGADŁO,1397
MALIŃSKI,1396
PAŁYS,1396
CZECHOWICZ,1395
GNIADEK,1395
GRONOWSKI,1393
LESIŃSKI,1393
MACHURA,1392
SMAGA,1392
KIEDROWSKI,1391
MIELNICZUK,1390
STOLAREK,1390
CHMIELOWSKI,1389
KONIOR,1389
LISIAK,1389
GOLIK,1388
KURDZIEL,1387
PAKULSKI,1387
BARTOS,1386
CHODOROWSKI,1386
RAFALSKI,1386
STEFANIUK,1386
ZIÓŁEK,1386
JĘDRZEJAK,1385
SULIMA,1385
JURA,1384
KRAWCZAK,1384
SZAŁKOWSKI,1383
SCHULZ,1381
DUDKA,1380
FĄFARA,1380
CIEPLIŃSKI,1379
MATUSZCZYK,1379
WIEWIÓRA,1379
BLICHARZ,1378
KASZUBOWSKI,1378
MUZYKA,1378
RICHTER,1378
PROKOPOWICZ,1377
SZCZECIŃSKI,1377
LIBERA,1376
SKRZYNIARZ,1376
MARSZAŁ,1375
ŚMIAŁEK,1375
CEGIELSKI,1373
DMOWSKI,1373
RAWSKI,1373
KROPIDŁOWSKI,1372
MAKOWIECKI,1372
PERZ,1372
SAKOWICZ,1371
KMIECIAK,1370
OLKOWSKI,1370
WALKOWSKI,1370
JAMROZIK,1369
KĘSKA,1369
ROMANOWICZ,1369
KOBIAŁKA,1368
DRĄŻEK,1367
SARZYŃSKI,1367
JELIŃSKI,1366
SAWA,1366
WIĘCŁAW,1366
CZEKAŁA,1365
IDZIAK,1365
OPAŁKA,1364
RZESZUTEK,1364
KARP,1363
KIJEWSKI,1363
KOŁTUN,1363
BRYŚ,1362
STARZEC,1362
STYŚ,1362
BURAK,1361
KONIECZKA,1361
FRYC,1360
ŚMIETANA,1359
WAŻNY,1359
JARZYŃSKI,1358
ZAMOJSKI,1358
DZIADOSZ,1357
WOJTAL,1356
SULEJ,1355
MIGDAŁ,1354
MRÓWCZYŃSKI,1354
JAKUBEK,1353
AUGUSTYNOWICZ,1352
MOŻDŻEŃ,1352
NIEWIŃSKI,1352
WĄCHAŁA,1351
GRZEGOREK,1349
PALACZ,1349
BUJNOWSKI,1348
MARCZYŃSKI,1347
CZEKALSKI,1346
MÜLLER,1346
STROJNY,1346
WALCZUK,1346
GĘBKA,1345
KRYCZKA,1345
MAGDZIARZ,1345
SKARŻYŃSKI,1344
BRZÓZKA,1343
DĘBEK,1343
DZIUBIŃSKI,1343
GAPIŃSKI,1343
KRASNODĘBSKI,1343
SHEVCHUK,1343
SZREDER,1343
BIGOS,1342
WOJCIESZAK,1342
KOCHAN,1341
SZYMKIEWICZ,1341
WĄDOŁOWSKI,1341
KARASIEWICZ,1340
MADEJA,1339
MAŁKIEWICZ,1339
BACZEWSKI,1338
CYBULA,1338
ŁUKASZUK,1338
STACHYRA,1338
PACYNA,1337
RYDZ,1337
KAPŁON,1336
MURZYN,1336
STRZAŁKA,1336
MICHNIEWICZ,1335
CZOPEK,1334
DANIELEWICZ,1334
SHEVCHENKO,1334
KOLIŃSKI,1333
FIJOŁEK,1332
LUBAŃSKI,1332
ŚWIĘTEK,1332
BIZOŃ,1331
BŁOCH,1331
BORUTA,1331
LANGER,1331
BŁAŻEJCZYK,1330
MIŁOSZ,1330
RĘBISZ,1330
NIEDŹWIEDZKI,1329
PAŁCZYŃSKI,1329
ZANIEWSKI,1328
ŻUROWSKI,1328
KOTŁOWSKI,1327
CZARKOWSKI,1325
JAWOREK,1325
DZWONKOWSKI,1323
GACA,1323
ŁUPIŃSKI,1323
STRÓŻYK,1323
WOŁEK,1322
KOŹLIK,1320
RADZIEJEWSKI,1319
WOLF,1319
SIEKIERSKI,1318
SIELSKI,1318
GRAJEWSKI,1315
STĘPIŃSKI,1313
DOROSZ,1311
KURZYŃSKI,1311
MATUŁA,1311
SŁOMA,1311
SOKALSKI,1311
PSZCZÓŁKOWSKI,1310
MIKRUT,1309
SKAWIŃSKI,1309
FURMANEK,1307
GUZY,1307
KULAK,1307
GROMADZKI,1305
KŁYS,1305
TYBURSKI,1305
KRYSIŃSKI,1304
WALASZEK,1304
KARCZMARCZYK,1303
PUDEŁKO,1303
JANECZKO,1302
MICHTA,1302
CIECIERSKI,1301
DOBEK,1301
GAIK,1301
SKÓRKA,1301
WOCH,1301
BUCZAK,1300
OLSZOWY,1300
PAROL,1300
RUSAK,1300
CZERSKI,1299
HAWRYLUK,1299
KULCZYŃSKI,1299
OCZKOWSKI,1299
OKRÓJ,1299
RYGIELSKI,1299
SURMACZ,1299
GRZANKA,1298
MAŚLAK,1298
ŚMIGIEL,1298
GRZĘDA,1297
KUMOR,1297
LATOS,1297
GOŚCINIAK,1296
PASTUSZAK,1296
PRUSZYŃSKI,1296
KLIMKOWSKI,1295
BAJ,1294
MAZGAJ,1293
GREŃ,1292
JAROSZEWICZ,1292
KRAUS,1292
PALUSZKIEWICZ,1292
POTRYKUS,1292
FIC,1291
JUSZKIEWICZ,1291
LIZAK,1291
SIECZKA,1290
JANOTA,1289
KOVAL,1289
RADOŃ,1289
WYKA,1289
ARCISZEWSKI,1288
ROSÓŁ,1288
SŁUPSKI,1288
KONEFAŁ,1287
GALUS,1286
KABAT,1286
CHABOWSKI,1285
BARSKI,1284
GAŁEK,1284
JAROSZEK,1284
BONDARENKO,1283
BAR,1282
PADUCH,1282
ADAMOWSKI,1281
CIURA,1280
GALA,1280
POTOCZNY,1280
WOJTKIEWICZ,1280
KALATA,1279
REKOWSKI,1277
RYCHTER,1277
PELCZAR,1276
REK,1275
SKÓRSKI,1275
STANIEK,1275
BABICZ,1273
BARTYZEL,1272
GRUCHAŁA,1272
MATYS,1272
CIUPA,1271
KOLANO,1271
ŁOPATA,1271
BIEGUN,1269
POMORSKI,1269
BISKUPSKI,1268
KUBAT,1268
PALA,1268
FIEDOROWICZ,1267
KUĆ,1267
RUTKA,1267
GÓRAK,1266
KUPKA,1266
TKOCZ,1266
ŻYŁKA,1266
BACH,1265
JASZCZAK,1265
KIJAK,1265
KARDAS,1264
PŁOŃSKI,1264
ŁABĘDZKI,1263
MIGAS,1263
POWROŹNIK,1263
STOPKA,1263
DOLECKI,1262
NAKONIECZNY,1262
BRZYSKI,1261
NAWARA,1261
SZYMONIAK,1261
TARCZYŃSKI,1261
SIEK,1260
NOGAJ,1259
SOSZYŃSKI,1259
BŁASZKOWSKI,1258
KOTULA,1257
OCHOCKI,1257
KIM,1256
KLECHA,1254
RAJSKI,1253
WENCEL,1252
GURGUL,1251
MARCHLEWSKI,1251
WALTER,1251
CEGLAREK,1249
GARBOWSKI,1249
IDZIK,1249
KASPERCZYK,1249
KUBIŚ,1248
PRZYBYŁOWSKI,1248
WOŹNICZKA,1248
WRZESZCZ,1247
BONK,1246
BUCKI,1246
SITKOWSKI,1246
SMOLAK,1246
ZIEMIŃSKI,1246
BĄCZYK,1245
GRADOWSKI,1245
ŁUNIEWSKI,1245
CIBOROWSKI,1244
DRZYMAŁA,1244
GŁĘBOCKI,1243
KARDASZ,1243
KOCJAN,1242
ZACHARSKI,1242
BAKALARZ,1241
KWIEK,1240
MARCISZ,1240
RACZEK,1240
RÓŻALSKI,1239
BRODZIŃSKI,1238
FOLTYN,1238
KUBERA,1238
SOBIESKI,1238
STRĄCZEK,1237
BAZAN,1236
CZARNIECKI,1236
MACIOŁEK,1236
STYCZEŃ,1236
BRZOSTOWSKI,1235
DUDZIC,1235
FOJCIK,1235
HOPPE,1235
NIZIOŁ,1234
TREDER,1234
ZAPART,1234
GRĘDA,1233
KLUCZYŃSKI,1233
KOPAŃSKI,1233
SMOLARCZYK,1232
DOMBROWSKI,1231
FIGURSKI,1231
WIERCIŃSKI,1231
FRONTCZAK,1230
JAROMIN,1230
PAŹDZIOR,1230
RUSZCZYK,1230
WISZOWATY,1230
GAŁKOWSKI,1229
DURKA,1228
KRAMARZ,1228
KURAS,1227
DOMŻALSKI,1225
KONKEL,1225
RAJEWSKI,1225
KONARZEWSKI,1224
SOLIŃSKI,1224
WAJS,1224
FALKIEWICZ,1223
MASTERNAK,1222
BUJALSKI,1221
JARZĘBSKI,1221
SZABŁOWSKI,1221
JAKUBOWICZ,1220
RADWAN,1220
WIĘCH,1220
BANASZCZYK,1219
STRUGAŁA,1219
SZARY,1219
GRZYWA,1218
ŁOJEWSKI,1218
SZYDLIK,1218
BYCZKOWSKI,1217
KUCIA,1216
KACZOREK,1215
MAZUROWSKI,1214
SIDOROWICZ,1214
GRODZICKI,1213
MROŻEK,1212
MRZYGŁÓD,1212
KOTLIŃSKI,1211
MAĆKIEWICZ,1211
STAŃKO,1211
GOS,1210
KOSIBA,1210
RYCZEK,1210
SULEWSKI,1210
WAŚKO,1210
MICHALCZUK,1209
ZABORSKI,1209
BERNAŚ,1208
LANGOWSKI,1207
ROLKA,1207
TALAREK,1207
BRODZIAK,1206
DYL,1206
MIKOS,1206
LEHMANN,1205
STASIUK,1205
JANIA,1204
LENKIEWICZ,1204
WEISS,1204
GARCZYŃSKI,1203
KEMPIŃSKI,1203
PROKOPIUK,1203
PYTLAK,1203
BUDZIK,1202
MATRAS,1202
SZLACHETKA,1202
OLSZÓWKA,1201
MUSIALIK,1200
ŚWIĘCH,1199
SIWY,1198
MATYSIK,1196
PIECZONKA,1195
KORDEK,1194
SULIKOWSKI,1194
DEMBOWSKI,1193
GRZESZCZUK,1193
JADCZAK,1193
LEBIODA,1193
TOMASIAK,1193
CHORĄŻY,1191
SKRODZKI,1190
PYZIK,1189
STANISZ,1189
KOVALENKO,1188
ŁĘGOWSKI,1188
PRZYGODZKI,1188
SIERAKOWSKI,1188
TRZASKOWSKI,1188
KOWOL,1187
STANIAK,1187
GRZYWNA,1185
ORZOŁ,1185
POLIT,1185
PUŁAWSKI,1185
MALINA,1184
SZYSZKOWSKI,1184
DOLNY,1183
RYNKOWSKI,1183
ŚLUSARZ,1183
DERDA,1181
GORCZYŃSKI,1181
ŚWIERK,1181
DĄBROWA,1180
KOBYLARZ,1180
BODZIONY,1179
DZIEWULSKI,1178
GRZESZCZYK,1178
PĘKAŁA,1178
SALWA,1178
PIĘKOŚ,1177
CURYŁO,1176
KAROLEWSKI,1176
SOBOTKA,1176
ZUBRZYCKI,1176
ŻAKOWSKI,1176
BURCZYK,1175
BERGER,1173
CZARNOCKI,1173
FABER,1172
ŁUSZCZYŃSKI,1172
PIKUL,1172
GAWOR,1171
KOPERA,1171
ILNICKI,1170
KLEPACZ,1170
ROMANEK,1170
OWCZARZAK,1169
ANTONOWICZ,1168
JAWOR,1168
KOŃCZAK,1168
KUSY,1168
GARSTKA,1167
JUCHA,1167
SZULIK,1167
ANDRZEJCZYK,1166
BUCHTA,1166
HUK,1166
PATEREK,1166
SUCHY,1166
KUKULSKI,1165
DOBKOWSKI,1164
KIJOWSKI,1163
KORUS,1163
GARUS,1162
ŻUR,1162
BERLIŃSKI,1161
LAZAR,1161
ŁAPA,1161
POBŁOCKI,1161
GACH,1160
PILECKI,1160
SNOPEK,1160
JAGODA,1157
KRYSA,1157
PISARCZYK,1157
ŻABICKI,1157
ANTOSZ,1156
KUŚMIEREK,1156
STACHERA,1156
STASIŃSKI,1156
RAJCA,1155
ŚWIERCZEWSKI,1155
GOMÓŁKA,1154
KOSZYK,1154
MRUGAŁA,1154
MATECKI,1153
BIEŃKO,1152
BINIEK,1152
RASZEWSKI,1152
CEDRO,1151
DASZKIEWICZ,1150
LUBECKI,1150
SERWATKA,1150
ŚNIEŻEK,1150
KWIETNIEWSKI,1149
DANKOWSKI,1148
KŁUSEK,1148
KNAPCZYK,1148
SZALA,1148
MARUSZAK,1147
RZĄSA,1147
WALISZEWSKI,1147
KOSMOWSKI,1145
DERA,1144
KONDRACIUK,1144
TOMCZUK,1144
BALCEREK,1143
MICHOŃ,1143
SZYPUŁA,1142
DZIEKAN,1141
PASIK,1141
WIETESKA,1141
BARCZYŃSKI,1140
LEŚNIK,1140
NICPOŃ,1140
STOLARZ,1140
BŁACH,1139
KŁOSEK,1139
KRUPKA,1139
SKORUPKA,1138
TYC,1138
BARWIŃSKI,1137
DUCH,1137
PIEC,1137
ROGÓŻ,1137
TURKIEWICZ,1137
BŁACHUT,1136
FARON,1136
KIEŁTYKA,1136
KUCA,1136
JAROŃ,1135
RAŚ,1135
KOTLARZ,1134
REGUŁA,1134
SULIGA,1134
KRAWCZUK,1133
BOROWCZYK,1132
DOŁĘGA,1132
KULIŚ,1132
MĘDREK,1131
OPALA,1130
WALEWSKI,1130
ZIĘTARA,1130
TATARA,1129
DANIELAK,1127
DĘBIEC,1127
GŁAZ,1127
KWOLEK,1127
SŁONINA,1127
TCHÓRZEWSKI,1127
KURAŚ,1126
POMYKAŁA,1126
DROZDEK,1125
OGORZAŁEK,1125
OLIWA,1125
SITARSKI,1125
DANOWSKI,1124
MARUT,1124
WIELICZKO,1124
MIZERSKI,1123
PYTKA,1123
OLĘDZKI,1122
ZYSKOWSKI,1122
PAPIEŻ,1121
PIECHACZEK,1121
SZCZEPANOWSKI,1121
BLACHA,1120
NGUYỄN,1120
ROSIK,1120
SIEWIERSKI,1120
GONERA,1119
LANDOWSKI,1119
ROSIEK,1119
KUKUŁKA,1118
MIRGA,1118
CHRAPEK,1116
MAZURCZAK,1116
TWARÓG,1116
WILKOSZ,1116
PIECZYŃSKI,1115
SYREK,1115
SZCZEPANKIEWICZ,1115
MIGACZ,1114
FOKS,1113
MALESA,1113
RUSZKIEWICZ,1113
SIECZKOWSKI,1113
DŁUGOŁĘCKI,1111
JAŁOCHA,1111
MACIEJOWSKI,1111
ROZBICKI,1111
DZIADEK,1110
GRYZ,1110
SAMEK,1110
ŁABUZ,1109
PALCZEWSKI,1109
SZABAT,1109
BOBOWSKI,1108
KOLENDA,1107
NEJMAN,1107
KUŹNICKI,1106
SKONECZNY,1106
SZUSTAK,1106
GACKOWSKI,1105
GANCARCZYK,1105
KRYSTEK,1105
MAGDA,1105
OBRZUT,1105
BOJKO,1104
CEGIEŁKA,1104
KRĘŻEL,1104
PIECHOWICZ,1103
RATYŃSKI,1102
WIECZORKOWSKI,1102
BUDEK,1101
MEYER,1101
ŻELAZKO,1101
BYCZEK,1100
MAGDZIAK,1100
PAŃCZYK,1100
WAWRO,1100
CHOŁUJ,1099
GABOR,1099
GOC,1099
KACHEL,1099
KELLER,1099
MIERZWIŃSKI,1099
PIETROWSKI,1099
PODBIELSKI,1099
PALIŃSKI,1098
ŚWIĄDER,1098
GŁÓWKA,1097
ŁĄTKA,1097
PIECHNIK,1097
KALKOWSKI,1096
MIRECKI,1096
PIETRYKA,1096
DUNAJ,1095
KLIM,1095
GILEWSKI,1094
IZYDORCZYK,1094
LITWIŃSKI,1094
DEMSKI,1092
STRĄK,1092
BASIAK,1091
PSZCZOŁA,1091
NIEWIAROWSKI,1090
PYREK,1090
KACZANOWSKI,1089
KLUBA,1089
PAWLUCZUK,1089
SUSKA,1089
KAROLCZAK,1088
CZACHOR,1087
KOŻUCHOWSKI,1087
STYCZYŃSKI,1087
KOTARBA,1086
BIEDROŃ,1085
MACIEJAK,1085
OLIINYK,1085
MIKOŁAJCZUK,1084
SURÓWKA,1084
PAWELSKI,1083
SZUSTER,1083
OWCZARCZYK,1082
WĘSIERSKI,1082
CWALINA,1081
HERNIK,1081
KATA,1081
MICHNO,1081
PIONTEK,1081
BRONISZEWSKI,1080
POPOWSKI,1080
SCHNEIDER,1080
CIERNIAK,1079
DWORAKOWSKI,1079
GOSZCZYŃSKI,1079
MOLSKI,1079
RICHERT,1078
SOBIK,1078
ŚLUSARSKI,1078
TURZYŃSKI,1078
GAŁCZYŃSKI,1077
GROCHAL,1077
GUBAŁA,1077
BONDAR,1076
GRAJEK,1076
KURKIEWICZ,1076
STAŃCZUK,1076
RYCHLEWSKI,1075
MARECKI,1074
PAPIERNIK,1074
TKACHENKO,1074
TKACHUK,1073
KIEŁB,1072
KONOPACKI,1072
MURAS,1072
IGNATOWICZ,1071
MENDEL,1071
PAUL,1071
FURMAŃSKI,1069
STAWIŃSKI,1069
DRAPAŁA,1068
MIEDZIŃSKI,1068
PĄCZEK,1068
PIJANOWSKI,1068
POLIŃSKI,1068
ŚWIĘTOCHOWSKI,1068
OLSZAŃSKI,1066
GWIŻDŻ,1065
SZATAN,1065
WADOWSKI,1065
BARANEK,1064
DULĘBA,1064
SZURA,1064
WĄTOR,1064
KRASUCKI,1063
ZDEB,1063
BIEDA,1062
POKRYWKA,1062
STASZKIEWICZ,1062
KONOPKO,1061
ŁAZARSKI,1061
PIETRASZEWSKI,1061
PISULA,1061
WIATER,1061
ADACH,1060
STĘPKOWSKI,1060
KAPELA,1059
SZMYD,1059
BARANIAK,1058
LICHOTA,1058
BANIA,1057
DURA,1057
GLISZCZYŃSKI,1057
PIETRASZKO,1057
REMISZEWSKI,1057
TOMKIEWICZ,1057
MORDARSKI,1056
STEĆ,1056
KARPIUK,1055
KLIMA,1055
KRAS,1055
PETRYKOWSKI,1055
SIUTA,1055
HYLA,1054
RYCHLICKI,1054
TATAR,1054
KOCHANEK,1053
KUBIS,1053
OŁDAK,1053
TOMASZEWICZ,1053
KOSSOWSKI,1052
SZCZERBIŃSKI,1052
WODZIŃSKI,1052
ANTOS,1051
FRĄSZCZAK,1051
IWANIEC,1051
MATEJKO,1051
SŁOTWIŃSKI,1051
BALA,1050
JUNG,1050
ŁUSZCZ,1050
PĘDZIWIATR,1050
BRODZIK,1049
FORMELLA,1049
GALICKI,1049
JANCZYK,1049
DRĘŻEK,1048
JAŚKOWIAK,1048
KOZIARSKI,1048
CENDROWSKI,1047
KORONA,1047
KUCZEK,1047
MISZEWSKI,1047
MOSKAŁA,1047
PODLEWSKI,1047
KOROL,1046
TARGOŃSKI,1046
ŁYKO,1045
GUMIŃSKI,1044
LUTY,1044
WAŚNIEWSKI,1044
BAL,1043
BUKAŁA,1043
CIACH,1043
KŁODA,1043
NAWRAT,1043
PRZEPIÓRA,1043
ZABROCKI,1043
KLUZ,1042
KONDRAT,1042
POPOWICZ,1042
WALICZEK,1042
WOJEWÓDZKI,1042
KULAWIK,1041
NITKA,1041
PAPIS,1041
WOŹNIAKOWSKI,1041
KOCZOROWSKI,1040
REJMAN,1040
WODZYŃSKI,1040
KIEŁCZEWSKI,1039
GABRYSIAK,1038
KULETA,1038
MIKOŁAJEK,1038
PRZEPIÓRKA,1038
PYRA,1038
BLICHARSKI,1037
OCIEPA,1037
OLSZOWSKI,1037
KUBICZ,1036
NAJDA,1036
KORZEŃ,1035
OŻGA,1035
WYSZOMIRSKI,1035
KONDRATOWICZ,1034
BAJDA,1033
GRODECKI,1033
JACEK,1033
WRZESIEŃ,1033
ZIMOCH,1033
BAKUŁA,1032
BELKA,1032
GRENDA,1032
MAŁYSZ,1032
PĘCAK,1032
PRUSINOWSKI,1032
CHOMA,1031
GAC,1031
GOZDEK,1031
KULCZYK,1031
NIEWCZAS,1031
CWYNAR,1029
KOSIK,1029
CIOK,1028
MARTYNIAK,1028
SKOREK,1028
STENKA,1028
ANTONIEWICZ,1027
BARCIKOWSKI,1027
KRUCZKOWSKI,1027
MARUSZEWSKI,1027
ŻELAZOWSKI,1027
WIERZBIŃSKI,1026
BŁASZAK,1025
GRACA,1025
SZYDEŁKO,1025
TWAROWSKI,1025
WITOWSKI,1025
GÓROWSKI,1024
ŁYSAKOWSKI,1024
PARYS,1024
RYGIEL,1024
BABULA,1023
JĘDRASIK,1023
WICIŃSKI,1023
BIAŁOŃ,1022
CEBULSKI,1022
DYBAŁA,1022
JAKÓBCZYK,1022
RYKOWSKI,1022
BIELEC,1021
WIERCIOCH,1021
ZARYCHTA,1021
ZIOŁO,1021
BULIŃSKI,1020
KOWOLIK,1020
PUK,1019
UMIŃSKI,1019
RAJKOWSKI,1018
SZKLARSKI,1018
ZIĘCINA,1018
BUŁA,1017
KOPIŃSKI,1017
KOZUBEK,1017
WADAS,1017
GŁOWIŃSKI,1016
GOLAŃSKI,1016
KIELAK,1016
KRAMARCZYK,1016
LECHOWSKI,1016
SKOLIMOWSKI,1016
WNOROWSKI,1016
DUCHNOWSKI,1015
MISIURA,1014
RUS,1014
ZIMNICKI,1014
STANOWSKI,1013
BIS,1012
FUCHS,1012
HINZ,1012
WÓJCIKOWSKI,1012
ŻARSKI,1012
FURMANIAK,1011
OTTO,1011
SZCZYPIŃSKI,1010
SZCZYPKA,1010
CHAŁUPKA,1009
ORACZ,1009
WOJTYŁA,1009
MAJKUT,1008
MAKSYMOWICZ,1008
MENTEL,1008
NIEMYJSKI,1008
SIUDAK,1008
BOBIŃSKI,1007
CZUPRYŃSKI,1007
HOŁDA,1007
SMOŁA,1007
WOJAS,1007
GIERA,1006
WESOŁEK,1006
BALCERAK,1005
FIAŁKOWSKI,1005
GUGAŁA,1005
KRZYSZTOŃ,1005
PARUZEL,1005
MROCZKA,1003
CHOMICZ,1002
ŁYSOŃ,1002
ZACZEK,1001
BEREZA,1000
HALICKI,1000
PRZYBYŁOWICZ,1000
BANASIEWICZ,999
MALEK,999
PEREK,999
RYTEL,999
CHEŁSTOWSKI,998
STROJEK,997
ŚMIECH,997
TOBOŁA,996
CHMIELIŃSKI,995
FUDALI,995
KOSMALSKI,995
SIEMIĄTKOWSKI,995
STELMASZCZYK,995
KRZYŻAŃSKI,994
SZKLARZ,994
CIELECKI,993
LIGOCKI,993
MAŃCZAK,993
BASTA,992
RADTKE,992
WOSZCZYK,992
BORUCH,991
LUDWIKOWSKI,991
BUDZISZ,990
BURDZY,990
CELMER,990
KSIĄŻKIEWICZ,990
ŁABUDA,990
ŻYLIŃSKI,990
BIESIADA,989
LENARD,989
PINDEL,989
PRUSIK,989
DZIKI,988
JASTRZĄB,988
KOSZAŁKA,988
KURYŁO,988
STALMACH,988
TUCHOLSKI,988
WOLNIEWICZ,988
CHŁOPEK,987
LENARCZYK,987
CZERWIEC,986
KOZIARA,986
PABICH,986
SZANIAWSKI,986
SZUKALSKI,986
KARKOSZKA,985
NITA,985
PRUSKI,985
SZYMANKIEWICZ,985
MACHAŁA,984
MAJERSKI,984
MIROSŁAW,984
PIECYK,984
DUMA,983
FIUK,983
GŁODOWSKI,983
BOSAK,982
BRANDT,982
KULAWIAK,982
MOCARSKI,982
SKŁODOWSKI,982
URBANOWSKI,982
ZAWORSKI,982
BRAUN,981
JUDA,981
KUŹNIAK,981
ŁOPATKA,981
NIEDZIAŁEK,981
CIEPŁY,980
KOSTYRA,980
PIERÓG,980
STASZCZYK,980
TYRAŁA,980
WOJCIESZEK,980
PIECZKA,979
ROBAKOWSKI,979
SIENICKI,979
WĘGLIŃSKI,979
JUCHNIEWICZ,978
KORNAŚ,978
MÓL,978
POŁOMSKI,978
TURCZYN,978
KARLIŃSKI,977
MACIASZCZYK,977
BODZIOCH,976
CHODKOWSKI,976
KLAWIKOWSKI,975
MICHALUK,975
JESIONOWSKI,973
LEGIERSKI,973
SUMIŃSKI,973
WIECZORKIEWICZ,973
GIBAŁA,972
JĘDRYCH,972
KOŚCIUK,972
NAGÓRSKI,972
PESTKA,972
IDCZAK,971
PRZEWOŹNY,971
STOPYRA,971
KOSZELA,970
NIEDZIÓŁKA,970
SKRZYPKOWSKI,970
SZPUNAR,970
IWANEK,969
ŁATKA,969
WARZOCHA,969
BABIK,968
BOBEK,968
KABAŁA,968
KOŚCIÓŁEK,968
LEMAŃCZYK,968
MAŁYSA,968
ŚWIĘCKI,968
BYRSKI,967
MOCEK,967
ŻOŁĄDEK,967
GAŁA,966
KĘPCZYŃSKI,966
KURASZ,966
MACIOSZEK,966
MAROSZEK,966
RADOSZ,966
KUBICZEK,965
PODLEŚNY,965
SZOPIŃSKI,965
DANIELEWSKI,964
KOZIELSKI,964
KUDZIA,964
MIELNICZEK,964
RESZCZYŃSKI,964
DUTKOWSKI,963
GOMUŁKA,963
JANDA,963
PRZĄDKA,963
KRAVCHENKO,962
MISZCZYK,962
PAC,962
BUCIOR,961
MATYJASZCZYK,961
MIECZNIKOWSKI,961
SIERPIŃSKI,961
BIJAK,960
KRAŚNIEWSKI,960
LATOCHA,960
MŁYNEK,960
KOŚCIŃSKI,959
PIĘTAK,959
BIAŁOBRZESKI,958
PAŚ,958
INGLOT,956
JANOSZ,956
OPARA,956
DYLĄG,955
KOBIERSKI,955
LEDWOŃ,955
MALANOWSKI,955
SKUBISZ,955
WYRWA,955
BARGIEŁ,954
DETTLAFF,954
GADZIŃSKI,954
SZCZUR,954
WARSZAWSKI,954
WICHROWSKI,954
GRZECHNIK,953
SOBIESZEK,953
BULANDA,952
HIRSZ,952
JAŚKOWSKI,952
KOBYŁECKI,952
PAMUŁA,952
WALUŚ,952
ZOŃ,952
KURA,951
SKIBICKI,951
SOBÓL,951
STEPANIUK,951
ŚMIECHOWSKI,951
WOLNIAK,951
JUSKOWIAK,949
OCIEPKA,949
ŚWIĘS,949
WINIECKI,949
CHMIELARZ,948
KOCIŃSKI,947
KURCZEWSKI,947
DATA,946
LISICKI,946
MARYNIAK,946
RASIŃSKI,946
RUSNAK,946
GŁAŻEWSKI,945
STOCKI,945
DWOJAK,944
TOPÓR,944
HARASIM,943
HOMA,943
MENCEL,943
OTRĘBA,943
SZEREMETA,943
ŁĘCZYCKI,942
RZECZKOWSKI,942
KUTYŁA,941
POLISHCHUK,941
GOLBA,940
KARASEK,940
KOKOCIŃSKI,940
ROSTEK,940
SOLAK,940
SULKOWSKI,939
DEMBSKI,938
KASZTELAN,938
SIEJKA,938
TOMANEK,938
KOŁECKI,937
KOPACZEWSKI,937
KOSIOROWSKI,937
WAWRZYŃCZAK,936
ANTONIK,935
FILIPIUK,935
WODECKI,935
DWORNIK,934
KONECKI,934
KRZYŻOWSKI,934
CHROBOT,933
SCHAB,933
WOJDYŁO,933
BLOK,932
ŁAZARZ,932
NURZYŃSKI,932
BUDZIAK,931
HOFFMAN,931
KANIECKI,931
POCIECHA,931
RYMARCZYK,931
BARABASZ,930
DUBICKI,930
GAWRYSIAK,930
KOŚCIELSKI,930
ŚWIETLIK,930
ZUBEK,930
GRZELKA,929
OLBRYŚ,929
CICHOŃSKI,928
KAROŃ,928
GĄSOWSKI,927
SIEMASZKO,927
BRONOWICKI,926
SOBEK,926
BOBAK,925
KOMINEK,925
LELEK,925
MANIKOWSKI,924
PLUSKOTA,924
SACHA,924
GROSZEK,923
GUMIENNY,923
PACHOLCZYK,923
STOJEK,923
WŁODEK,923
DEMBEK,922
KARDAŚ,922
KRYŚ,922
LUBAS,922
PŁOSZAJ,922
WOLNIK,922
ZARZECZNY,922
CIEŚLEWICZ,921
JÓZEFCZYK,921
MECH,921
RASZKA,921
HRYNIEWICZ,920
NASIŁOWSKI,920
POPRAWA,920
SZUKAŁA,920
CHRABĄSZCZ,919
MATLAK,919
TUTAK,919
WITT,919
BINEK,918
KIDA,918
TURKOWSKI,918
GRZYWACZEWSKI,917
MALAK,917
KUCHAREK,916
MIŚKOWIEC,916
SKROK,916
BEREZOWSKI,915
GORZELAK,915
KUDYBA,915
NOCUŃ,915
PERZANOWSKI,915
SZKUTNIK,915
CYMERMAN,914
KRYCH,914
PIENIAK,914
CHOJNICKI,913
KARPIEL,913
KOLCZYŃSKI,913
ŁYSZCZARZ,913
NIECKARZ,913
STOKOWSKI,913
GDULA,912
SZYCHOWSKI,912
KAMOLA,911
SMÓŁKA,911
TROJAK,911
CISŁO,910
DYBA,910
GAWLAK,910
GROSS,910
LEŚ,910
OGRODOWCZYK,910
PŁAWECKI,910
SORDYL,910
SUCHAN,910
ŻARNOWSKI,910
BRATEK,909
PASTWA,909
PIOSIK,909
SANKOWSKI,909
SKRZYPCZYŃSKI,909
DALECKI,908
KOZIOŁEK,908
KUBERSKI,908
ŁĄCZYŃSKI,907
POSŁUSZNY,907
ZEMBRZUSKI,907
BROL,906
KĘSIK,906
MIELNICKI,906
POL,906
SZWEDO,906
BUĆKO,905
DRYJA,905
STRÓŻYŃSKI,905
SUCHANEK,905
BERA,904
GOŁAŚ,904
MROWIŃSKI,904
NIEĆ,904
RYDEL,904
WŁODKOWSKI,904
JAŹWIŃSKI,903
SZCZUKA,903
SZOŁTYSEK,903
BRZEZINA,902
GIZIŃSKI,902
HEBEL,902
MARCINOWSKI,902
PERLIŃSKI,902
PLACEK,902
TRĘBACZ,902
TUR,902
WALCZYŃSKI,902
LUBCZYŃSKI,901
TELEGA,901
WĘGRZYNOWSKI,901
BOCHNIAK,900
FILIPCZYK,900
KRZESIŃSKI,900
LISEWSKI,900
PĘKALSKI,900
DZIEKOŃSKI,899
SKAŁECKI,899
JOŃCA,898
ZDZIARSKI,898
ZIENTEK,898
ANTOLAK,897
CHWASTEK,897
SPYRKA,897
STACHOŃ,897
WAŁACH,897
JONIEC,896
FATYGA,895
GORAJ,895
GRYCZKA,895
GWIAZDOWSKI,895
IWIŃSKI,895
KĘPSKI,895
ORDON,895
ŻOŁNOWSKI,895
BRANDYS,894
JESIONEK,894
KRZEWIŃSKI,894
STYPUŁKOWSKI,894
SYSKA,894
TORBA,894
TROJNAR,894
BIESZCZAD,893
JANOCHA,893
KOTULSKI,893
DANEK,892
KASZYŃSKI,892
KLUSEK,892
KOCZWARA,892
GRYC,891
JURCZYŃSKI,891
STANIEC,891
STAWIARZ,891
WIDOMSKI,891
GOLEŃ,890
MOSAKOWSKI,890
PECYNA,890
ZEMŁA,890
BAUER,889
BURAKOWSKI,889
GRONEK,889
KLUK,889
MATERA,889
URBAŚ,888
ZACHARA,888
BUDKA,887
KIEŁPIŃSKI,887
KRAJNIK,887
BOJDA,886
PILARZ,886
POPIELARZ,886
SOBÓTKA,886
WYBRANIEC,886
SZEFLER,885
ŚRODA,885
WOJNO,885
WOSIK,885
BORSUK,884
GRZYMAŁA,884
KORYTKOWSKI,884
MICHALEWICZ,884
FELCZAK,883
GUNIA,883
ZAJDA,883
OLESZEK,882
RABIEGA,882
WAŚKIEWICZ,882
WINIARZ,882
ZAŁUSKI,882
ABRAM,881
GRABARZ,881
KURPIEL,881
MAJOR,881
GAWRYCH,880
GOŁUCH,880
KOŹBIAŁ,880
ŁUCKI,880
MAJEK,880
SIMIŃSKI,880
SZCZAWIŃSKI,880
JURASZ,879
KSIĘŻOPOLSKI,879
STAWOWY,879
STERNIK,879
OLECHOWSKI,878
WIECHA,878
CHILIŃSKI,877
GRZEGORZEK,877
KOMENDA,877
KOŁODYŃSKI,876
RESPONDEK,876
STANIEWSKI,876
SZYMIK,876
WOJDAT,876
WZOREK,876
OLESIAK,875
PROROK,875
STADNICKI,875
SZAL,875
BIALIK,874
FISCHER,874
MĄKOSA,874
SWAT,874
DYMOWSKI,873
KRUCZYŃSKI,873
JĘDRZEJOWSKI,872
KOCISZEWSKI,872
SICZEK,872
SZCZEPAŃCZYK,872
TKACZUK,872
ZUB,872
WACŁAWEK,871
ZWOLAK,871
BACA,870
CAPUTA,870
BOCZAR,869
KRZEŚNIAK,869
MŁODAWSKI,869
WOJDAK,869
HANKUS,868
MILANOWSKI,868
RAMS,868
SOLARSKI,868
KROCZEK,867
ŁAGODA,867
MIESZKOWSKI,867
RYBSKI,867
SADURSKI,867
TARASIEWICZ,867
RZOŃCA,866
WOŁOSZ,866
ZDYB,866
KOCZUR,865
LEŚNIOWSKI,865
NAPIERALSKI,865
SULOWSKI,865
ŚCIBOR,865
GRZELCZAK,864
JATCZAK,864
ŁANGOWSKI,864
WOJTYRA,864
CHROMIŃSKI,863
FRONCZAK,863
MARSZAŁKOWSKI,863
PODGÓRNY,863
SIEROŃ,863
BORATYŃSKI,862
DAMPC,862
TYL,862
ZIARKO,862
RECZEK,861
SKUPIŃSKI,861
GAŁAN,860
KASPEROWICZ,860
KLASA,860
ORCZYK,860
CHUDZIAK,859
JĘDRAS,859
KRAVCHUK,859
PODRAZA,859
SÓWKA,859
SZTANDERA,859
TOPOLEWSKI,859
ZABAWA,859
CHOROMAŃSKI,858
DUDKOWSKI,858
JURECZKO,858
KĄCKI,858
OWCZARSKI,858
SMOCZYŃSKI,858
JAMKA,857
KITOWSKI,857
ROWICKI,857
RUDY,857
WIRKUS,857
FRĄCZYK,856
KARSKI,856
MARCINIEC,856
MATEJEK,856
NAZARUK,856
STOLC,856
ŚLIWOWSKI,856
KRZYŻEWSKI,855
NOWOCIEŃ,855
POLUS,855
RUCKI,855
ZIMA,855
IMIOŁEK,854
MATUSIEWICZ,854
PANAS,854
RACHWALSKI,854
SITKIEWICZ,854
TOMIAK,854
DANISZEWSKI,853
KAPROŃ,853
MICEK,853
SICIŃSKI,853
SZCZECH,853
ŚLUSAREK,853
WALIGÓRSKI,853
KARKOWSKI,852
KLUZA,852
PŁUSA,852
SZUL,852
WIKTOROWSKI,852
GMYREK,851
ŁUSZCZEK,851
MAKÓWKA,851
TUTAJ,851
JANICZEK,850
JASZCZYK,850
MAŃKO,850
PAPIERZ,850
SOBCZUK,850
WARDĘGA,850
BORYCKI,849
BORYCZKA,849
KABACIŃSKI,849
ZUBER,849
DUBIŃSKI,848
WYSOCZAŃSKI,848
BANDURA,847
FRĄK,847
JAROSŁAWSKI,847
KRZYMIŃSKI,847
ŁAZARCZYK,847
IGNACIUK,846
JAKUBAS,846
KOŹMIŃSKI,846
MARCISZEWSKI,846
PATEL,846
PIETROŃ,846
ULMAN,846
WACŁAWIK,846
BRYJA,844
BUDZISZEWSKI,844
GRABKA,844
KOTUŁA,844
LATUSEK,844
ŁAZOWSKI,844
ORSZULAK,844
POCIASK,844
SMOTER,844
WESOŁY,844
LEE,843
PAPUGA,843
SPAŁEK,843
BOJAR,842
DEMCZUK,842
FUS,842
GUŁA,842
LASZCZAK,842
MOŚ,842
PARUCH,842
SZCZUROWSKI,842
WOREK,842
WYCISK,842
GONCIARZ,841
PĘCZEK,841
ROSSA,841
GRACZ,840
KORBA,840
PAŚKO,840
TOPOREK,840
TRZEBIATOWSKI,840
WYRWAS,840
ZWIERZ,840
ADAMIK,839
GLINKOWSKI,839
GRZYWIŃSKI,839
KUŚMIERSKI,839
ŁAWICKI,839
MASNY,839
MIKSA,839
POTEMPA,839
STACHNIK,839
BURAS,838
POPIELA,838
TOMECKI,838
CZYSZCZOŃ,837
SKRZYPIŃSKI,837
BIENIASZ,836
BUŁKA,836
GAWLAS,836
HANDZLIK,836
ŁABĘDŹ,836
SZCZYPIOR,836
SZLĘZAK,836
ŻUBER,836
ŁAKOMSKI,835
MAJCHRZYK,835
RĄPAŁA,835
JURECKI,834
KIJEK,834
PAWLICA,834
ZMYSŁOWSKI,834
CESARZ,833
CHLIPAŁA,833
OKONIEWSKI,833
PAZDAN,833
RĘKAS,833
RUDEK,833
STUDNICKI,833
JERZAK,832
MANIAK,832
TALIK,832
ZAPOTOCZNY,832
JACHIMOWICZ,831
ŚLĄZAK,831
WAL,831
DOBRZYCKI,830
FABISZEWSKI,830
GOSK,830
GROMADA,830
JANEK,830
KURZAWSKI,830
MICHAŁOWICZ,830
SZYNAL,830
WIĘCŁAWSKI,830
BARCIK,829
DZIUBAK,829
NAKIELSKI,829
PACZYŃSKI,829
JÓZWIK,828
MARYNOWSKI,828
ORZECH,828
WANG,828
FLORKOWSKI,827
SZYPULSKI,827
WIKTORSKI,827
BŁASZCZUK,826
CHLUDZIŃSKI,826
KOMARNICKI,826
KRAMEK,826
JĘDRYKA,825
SZCZYRBA,825
CHWAŁEK,824
DROGOSZ,824
GORGOŃ,824
HETMAN,824
SZELĄGOWSKI,824
JACHIMOWSKI,823
LATAŁA,823
TRYBUS,823
KARASZEWSKI,822
WRONOWSKI,822
JACKOWIAK,821
STASIEWICZ,821
WRZEŚNIEWSKI,821
BARA,820
FABIAN,820
PALUSZEK,820
TROCHA,820
GRZĄDZIEL,819
KLIMIUK,819
KUDELSKI,819
MERTA,819
JACZEWSKI,818
KOHUT,818
ŁUBA,818
MUSIAŁEK,818
SZCZECINA,818
CIUPAK,817
GRABAREK,817
SZUMILAS,817
ŚWITOŃ,817
ZDUN,817
RATAJSKI,816
SAVCHUK,816
SZLENDAK,816
WILGA,816
ANTOSZEWSKI,815
CHEN,815
KAPCZYŃSKI,815
MUSIAŁOWSKI,815
PRUSIŃSKI,815
JACHYM,814
KOTYNIA,814
ZAMORSKI,814
CZEPIEL,813
OLEJARCZYK,813
SŁAWEK,813
WARDAK,813
WOŁYNIEC,813
BARGIEL,812
GRZEGRZÓŁKA,812
WAŚ,812
GULCZYŃSKI,811
MOSTOWSKI,811
BAJEK,810
CYGANEK,810
GLIWA,810
MARKUSZEWSKI,810
SOŚNICKI,810
STRZESZEWSKI,810
ŚWIERC,810
GRZONKA,809
ŁABA,809
RYCZKOWSKI,809
SAWIŃSKI,809
JÓZEFOWSKI,808
KOCIUBA,808
KOTKOWSKI,808
WOJTANOWSKI,808
JASIEWICZ,807
LASOŃ,807
ŁUKA,807
BĄBA,806
FRANK,806
KŁECZEK,806
MRÓZEK,806
PŁOSKI,806
ARENDT,805
CHROMIK,805
DEKA,804
GŁOWA,804
JAROSZYŃSKI,804
MAJCHERCZYK,804
MENDYK,804
ŚWIDZIŃSKI,804
TALARCZYK,804
FIREK,803
KOŁODZIEJEK,803
MAC,803
HRYNIEWICKI,802
KAPTUR,802
KOPACKI,802
MIESZCZAK,802
BĘTKOWSKI,801
CHABROS,801
LENCZEWSKI,801
PIETRUCZUK,801
RUTECKI,801
CUBER,800
JABŁONKA,800
LISIEWICZ,800
ŁAWRYNOWICZ,800
WĄŻ,800
ZAMBRZYCKI,800
CHROBOK,799
GRABEK,799
ILCZUK,799
TURCZYŃSKI,798
PASTUSIAK,797
SKOP,797
SMOŁKA,797
SZTUKA,797
HARASIMOWICZ,796
BŁAŻEWICZ,795
CHUDEK,795
GAWRYLUK,795
JANUSZEK,795
JARZĘBOWSKI,795
PŁOCHOCKI,795
RAJ,795
SKURA,795
BIGAJ,794
DRABEK,794
KĘSICKI,794
KIERZEK,794
NIEDZIAŁKOWSKI,794
OLESZKIEWICZ,794
SIERANT,794
STĘPNIK,794
CIEPIELA,793
KLUKOWSKI,793
KORDOWSKI,793
RAJCHEL,793
SIEMIENIUK,793
BERNACIAK,792
GOŹDZIEWSKI,792
MADEJCZYK,792
MAŁYSKA,792
MIKOŚ,792
KALINA,791
KIEŁBOWICZ,791
ROGIŃSKI,791
TRYBA,791
WOLSZCZAK,791
BERENT,790
KAMIEŃSKI,790
KIEŁKOWSKI,790
ROSOŁOWSKI,790
SYGUŁA,790
WAŁĘGA,790
WIJAS,790
BANASZEWSKI,789
BEDNORZ,789
BRONK,789
BARTECKI,788
KUCZMA,788
MACZUGA,788
PASIERB,788
POPKO,788
PRUSZKOWSKI,788
FILIPCZUK,787
KORCZYK,787
MĘŻYK,787
PSIUK,787
STRYJEWSKI,787
CHORZĘPA,786
KARGUL,786
ŁYSIK,786
NIZIO,786
BŁACHNIO,785
DYGAS,785
DYJAK,785
JANCZURA,785
KACHNIARZ,785
TYLKA,785
UKLEJA,785
WALKOWICZ,785
BURSKI,784
GLEŃ,784
GNIAZDOWSKI,784
GROCHALA,784
KULPIŃSKI,784
POLITOWSKI,784
WYSZKOWSKI,784
WIELOCH,783
DYRCZ,782
JARCZEWSKI,782
KNOPIK,782
MIKUCKI,782
OSAK,782
REWERS,782
CZERNICKI,781
CZERW,781
SELIGA,781
DRAGON,780
KOLBUSZ,780
ŁOZOWSKI,780
ROGACZEWSKI,780
WILAMOWSKI,780
FRANKE,779
GNIEWEK,779
HOŁUB,779
JOŃSKI,779
PLEWKA,779
SEROKA,779
TOMICZEK,779
TRUSZCZYŃSKI,779
CZAPNIK,778
NAREWSKI,778
OLEKSIUK,778
SŁABOŃ,778
TOBOLSKI,778
GRZESIUK,777
KRZYSIAK,777
STRYCZEK,777
HABER,776
KONIECZKO,776
POSTEK,776
RABENDA,776
SZEFER,776
CIEPLAK,775
POCHEĆ,775
PRUSACZYK,775
WOJNA,775
WOJTYCZKA,775
BILICKI,774
JEZIOROWSKI,774
JĘDRUSIK,774
KAWAŁEK,774
KRZANOWSKI,774
MATYJASIK,774
NAPIERAJ,774
OSIKA,774
BŁAWAT,773
HUMENIUK,773
MULARSKI,773
RODZIK,773
STRÓZIK,773
ALBRECHT,772
BABIAK,772
BENTKOWSKI,772
DUŚ,772
KĘSY,772
CIOCH,771
MARKS,771
RYBAKOWSKI,771
PIKULSKI,770
GROCHOLSKI,769
JĘDRYSIAK,769
KORZEC,769
ŁEBEK,769
MATERNA,769
OWSIANKA,769
PIEKUTOWSKI,769
RĘBACZ,769
TWARDY,769
CEGLARSKI,768
CELEJ,768
CHRUŚCIŃSKI,768
LEGUTKO,768
PIASECZNY,768
SADECKI,768
TYRKA,768
TYSZKO,768
KAMPA,767
LESIUK,767
LEŚNY,767
MALEWSKI,767
PRZEWOŹNIK,767
SNARSKI,767
WOJNICKI,767
ZIENTARA,767
JASKOT,766
MOLIŃSKI,766
NASKRĘT,766
STODULSKI,766
SYTA,766
ŻURAW,766
SZMIGIELSKI,765
WITECKI,765
HRYCIUK,764
KOMOR,764
JACEWICZ,763
LUDWIG,763
DUNAJSKI,762
PODLASKI,762
SIENNICKI,762
SUTKOWSKI,762
ZIEMIAŃSKI,762
BIAŁCZAK,761
DOMALEWSKI,761
KANIOWSKI,761
OWCZARZ,761
BORZYSZKOWSKI,760
BUKOWIEC,760
DMITRUK,760
KUPISZ,760
MAIK,760
BAGROWSKI,759
GOLIS,759
ZIEMSKI,759
ANTOSIEWICZ,758
PRUŚ,758
STEFAN,758
TRAN,758
WANTUCH,758
WOŁOWSKI,758
EJSMONT,757
KOTLARSKI,757
LIZOŃ,757
PIEPRZYK,757
CIECHANOWICZ,756
ŁABĘCKI,756
ŁUKASZEK,756
ADAM,755
ANTOSIAK,755
DUSZAK,755
KOZINA,755
RĘKAWEK,755
DZIĘGIEL,754
PAZIEWSKI,754
ULANOWSKI,754
ZAŁĘCKI,754
JACHOWICZ,753
JEŻAK,753
KIELISZEK,753
LIPNICKI,753
ŁAKOMIEC,752
ŁYCZKO,752
SAWKA,752
ZASTAWNY,752
DZIUK,751
ŚWIST,751
ZDYBEL,751
BIGUS,750
KAISER,750
KOCEMBA,750
POLANOWSKI,750
RÓJ,750
SANOCKI,750
SIATKOWSKI,750
TWORKOWSKI,750
ZYBAŁA,750
KULEJ,749
MELNYCHUK,749
RZEPKOWSKI,749
USZYŃSKI,749
KOBYLAŃSKI,748
LASOCKI,748
MODLIŃSKI,748
NIŻNIK,748
OPIELA,748
SERWIN,748
FORNALCZYK,747
MATUSZ,747
WOJTYNIAK,747
MUSIK,746
PASIŃSKI,746
SOPEL,746
KIN,745
MICHAŁKIEWICZ,745
SIENIAWSKI,745
SZOTA,745
GŁOWALA,744
KAŁUSKI,744
LASECKI,744
MACURA,744
OGIŃSKI,744
BEM,743
FRĄCZAK,743
ŁOZA,743
NIEDBALSKI,743
STANISŁAWCZYK,742
SZAŁEK,742
ZYGADŁO,742
DONIEC,741
JADACH,741
WAGA,741
CHĄDZYŃSKI,740
CUPIAŁ,740
GLINIECKI,740
GMEREK,740
ANTKIEWICZ,739
FALIŃSKI,739
GAJOWNICZEK,739
KAMECKI,739
POLACZEK,739
RADEK,739
SOŁOWIEJ,739
SUCHOMSKI,739
WIDAWSKI,739
BAŁUT,738
PAŁUBICKI,738
RUCHAŁA,738
ABRAMOWSKI,737
BYLICA,737
FUDAŁA,737
GROCHOCKI,737
GRZENKOWICZ,737
JEZNACH,737
KASZUBSKI,737
RĄCZKOWSKI,737
SZABELSKI,737
KOSZEWSKI,736
MARTYNA,736
MIŚTA,736
STASIOWSKI,736
SZUMOWSKI,736
AKSAMIT,735
DERLATKA,735
FUDALA,735
LASAK,735
OKRASA,735
SANECKI,735
BUŁAT,734
DEMIANIUK,734
KACPROWICZ,734
KNITTER,734
MATOGA,734
SPRINGER,734
KADŁUBOWSKI,733
KWAS,733
OSTOJSKI,733
PLEWIŃSKI,733
CICHOWICZ,732
CZERNIEJEWSKI,732
DERKACZ,732
FERENS,732
KWOKA,732
LEŚKIEWICZ,732
NATKANIEC,732
OLCHAWA,732
SZAFRANEK,732
BIELAWA,731
DOBIES,731
GALEWSKI,731
KOLANOWSKI,731
KOMOREK,731
WOJTYNA,731
GLUZA,730
KASZEWSKI,730
KOMOSA,730
KORDAS,730
KORYCIŃSKI,730
MAJCHEREK,730
WACŁAWSKI,730
ZYCHOWICZ,730
ANDRYSIAK,729
BEDNARCZUK,729
FURMAŃCZYK,729
JUST,729
KOŁCZ,729
KUSAK,729
STEPNOWSKI,729
SZLAGA,729
BECZEK,728
BRANICKI,728
KRUSZYNA,728
POLEK,728
ROSŁANIEC,728
SZCZUPAK,728
WERESZCZYŃSKI,728
KONCEWICZ,727
MARCHEL,727
SZOŁTYSIK,727
CZERNY,726
SUS,726
URBANIEC,726
ZHANG,726
KRZESZOWSKI,725
MADALIŃSKI,725
PODYMA,725
IWANOWICZ,724
KUŚMIREK,724
MIKLASZEWSKI,724
SIEROCKI,724
SKORUPIŃSKI,724
BETLEJ,723
BOSEK,723
DOŁĘGOWSKI,723
HERBUT,723
JEZIOREK,723
KAJDA,723
KOSTUCH,723
REDA,723
STRZĘPEK,723
ŚLEDZIEWSKI,723
DRZYZGA,722
GRUNWALD,722
LORENZ,722
MIERZYŃSKI,722
PŁOSKONKA,722
POROWSKI,722
TARASZKIEWICZ,722
WAWRZYŃSKI,722
CZUB,721
KOBA,721
KRZYKOWSKI,721
OWSIANY,721
PIASEK,721
PYRKA,721
RADKIEWICZ,721
WOJCIECHOWICZ,721
BŁĘDOWSKI,720
CIĘŻKI,720
MACHNICKI,720
SUMARA,720
NAJDEK,719
PAŹ,719
STRACH,719
ŚWIEBODA,719
TALAR,719
TYMOSZUK,719
WICIK,719
KUŹMICZ,718
LENDZION,718
STEFANIK,718
TARAS,718
JURAK,717
MAJCHROWICZ,717
SIEMBIDA,717
TARASEWICZ,717
ZIARKOWSKI,717
FELIKS,716
OBUCHOWSKI,716
SKROBISZ,716
ŚCISŁOWSKI,716
TRYBUŁA,716
WARDZIŃSKI,716
WINTER,716
BARTOSIŃSKI,715
CZERWIK,715
KRZESZEWSKI,715
PAWEŁCZAK,715
PIECZARA,715
POŁCZYŃSKI,715
SKRZEK,715
BARTOŃ,714
FIEDOR,714
JÓŹWICKI,714
ŁASZKIEWICZ,714
DZIERŻANOWSKI,713
GLAPA,713
MAKUŁA,713
PODSTAWKA,713
BAJERSKI,712
BŁACHOWICZ,712
BRULIŃSKI,712
CIUPEK,712
MAŁYSZKO,712
PIETRASZ,712
TRZNADEL,712
ZAGAJEWSKI,712
BRYŁKA,711
KAŁUZIŃSKI,711
LALIK,711
PAPAJ,711
STASZCZAK,711
ZAWIŁA,711
DRĄŻKIEWICZ,710
RADZKI,710
SŁOMCZYŃSKI,710
STAROWICZ,710
STEFANEK,710
STRĘK,710
SYKUŁA,710
SZYMALA,710
ŚLEZIAK,710
DAWIDZIUK,709
SEREMAK,709
SMOK,709
DŁUŻNIEWSKI,708
HENDZEL,708
KIRAGA,708
LATKOWSKI,708
ŁUKASZYK,708
OLKIEWICZ,708
PASOŃ,708
SEREDA,708
SIWICKI,708
KACAŁA,707
MALARZ,707
MISZTELA,707
SOĆKO,707
ZIOBROWSKI,707
BRYCHCY,706
BUTRYN,706
JARZYNKA,706
RYCHEL,706
SAJ,706
SZYMCZUK,706
ŚWIĄTCZAK,706
WILUSZ,706
ZADROGA,706
GARBARCZYK,705
KWAK,705
SIERZPUTOWSKI,705
SMYCZEK,705
ŚWIERKOWSKI,705
ŁEMPICKI,704
MAGNUSZEWSKI,704
SMĘTEK,704
SUCHARSKI,704
WOJTASIAK,704
ŻMUDZIŃSKI,704
DYDUCH,703
GRYGORUK,703
HOŁOWNIA,703
JASKÓŁKA,703
MAKARA,703
PĘDZICH,703
SEROCZYŃSKI,703
SZYMICZEK,703
TRUCHAN,703
DULSKI,702
GOLUCH,702
KOSIERADZKI,702
SKROBEK,702
TOPOROWSKI,702
GDANIEC,701
IGIELSKI,701
PIORUN,701
POHL,701
PRUCNAL,701
CHROSTEK,700
CZERNEK,700
KOROLCZUK,700
KRZEMPEK,700
ŁOBODZIŃSKI,700
MIAZEK,700
MUNIAK,700
ARENT,699
BUGAŁA,699
GODULA,699
HILDEBRANDT,699
LANGA,699
LI,699
LUBERDA,699
MARIAŃSKI,699
SMOLIK,699
JAGUŚ,698
KRYSZAK,698
KUBASIK,698
ŁYŻWA,698
MOLĘDA,698
RELIGA,698
SEREK,698
STRUK,698
WITAK,698
BULA,697
FIL,697
GZIK,697
KAŁA,697
MISIEK,697
SOBKOWICZ,697
SUPIŃSKI,697
WAWRZAK,697
OPOKA,696
PARA,696
POZORSKI,696
UJMA,696
ZGODA,696
BRZĘCZEK,695
GŁUSZAK,695
GOŁUŃSKI,695
GOSTKOWSKI,695
KRYGER,695
KUBISIAK,695
ŁEPKOWSKI,695
PARKITNY,695
PRZYDATEK,695
WORONIECKI,695
CHĘĆ,694
CIEŚLUK,694
FILIPSKI,694
KONOPIŃSKI,694
ŁAPKA,694
MIKLAS,694
NAJDER,694
POPCZYK,694
SOPATA,694
TOMASIEWICZ,694
ZIEMNIAK,694
BRYCH,693
GĘBICKI,693
KALISZUK,693
OCHMAŃSKI,693
PIASTA,693
SOKAL,693
STATKIEWICZ,693
ŚCIGAŁA,693
WODNICKI,693
ZAŁOGA,693
GRZEŚKIEWICZ,692
KAMROWSKI,692
KILIŃSKI,692
SATERNUS,692
SZOZDA,692
GUZIŃSKI,691
KOBOS,691
SZAFARCZYK,691
BRACH,690
GROŃ,690
JAGUSIAK,690
JARUGA,690
KMIOTEK,690
KOWALEWICZ,690
MEJER,690
MILEWICZ,690
MYSZK,690
OLEWIŃSKI,690
ZIMOŃ,690
BALON,689
BOGUS,689
CHLEBEK,689
EKIERT,689
KRZYWDZIŃSKI,689
LATAWIEC,689
MIANOWSKI,689
NIEPSUJ,689
OŁDAKOWSKI,689
GAWENDA,688
GRYGIER,688
KAROLCZYK,688
KUDLIŃSKI,688
ŁYSEK,688
NIERADKA,688
PACAK,688
PONIKOWSKI,688
SZYMASZEK,688
ZALAS,688
JORDAN,687
KONSTANTY,687
SPŁAWSKI,687
TYLKOWSKI,687
WIDZ,687
CZYŻAK,686
GROMALA,686
HOJKA,686
KARBOWNICZEK,686
KOSTRUBIEC,686
HYŻY,685
KACA,685
PERZYNA,685
RUTYNA,685
WALCZEWSKI,685
WALUS,685
BAJKOWSKI,684
CZYŻYK,684
GŁADKI,684
KOTWICKI,684
MACIĄŻEK,684
MATUSZYK,684
MIARKA,684
MOLIK,684
